ID_occurrence	src.lang	fr1	KWIC.fr	fr2	lemma.fr	meaning.fr	es	form.fr	form.cs	form.en	form.es	form.it	form.pl	form.ru	dimension1	dimension2
3	de	– Je ne suis pas impatient , dit K. un peu piqué et	surveillant	moins ses paroles .	surveiller	manner	–No soy impaciente –dijo K algo irritado , y ya no cuidó tanto sus palabras– .	part	VF.coord	VF.coord	VF.coord	VF.coord	VF.coord	VF.coord	0.4017142004490129	-0.3113761645877561
5	cs	Habitué aux travaux de Cenek depuis l' ère de l' ancien commandant , le commissaire , parfaitement indifférent au nouveau tableau , entama à haute voix la lecture d' une brochure	éclairant	les différences entre une armée socialiste et une armée capitaliste .	éclairer	attributive	El comisario ya estaba acostumbrado a los cuadros que Cenek hacía por encargo del anterior comandante y no le prestó ninguna atención al cuadro nuevo , sino que se puso a leer en voz alta una especie de folleto en el que se explicaban las diferencias entre el ejército socialista y el capitalista .	part	VF.sub.rel	ing.part	VF.sub.rel	VF.sub.rel	VF.sub.rel	VF.sub.rel	0.3266205221513524	0.38846264780032846
6	fr	"" Pour demain lundi ? "" demanda Mr . Fogg en	regardant	la jeune femme .	regarder	concom	- ¿ Para mañana , lunes ? -dijo Fogg , mirando a la joven Aouda .	ger	Cvb.ps.impf	ing.part	ger	ger	Cvb.ps.impf	Cvb.ps.impf	-0.40179850486859003	0.023179270382311438
7	cs	« Plus fort , plus fort , encore , encore ! » et à cet instant il s' apercevait qu' il n' en pouvait plus ; il lui avait fait l' amour trop longtemps et sur un rythme trop rapide pour pouvoir frapper à coups redoublés ;	glissant	alors sur le côté , il recourait à un expédient qui lui semblait à la fois un aveu d' échec et une virtuosité technique digne d' un brevet : enfonçant profondément la main dans son ventre , il effectuait avec les doigts de puissants mouvements de bas en haut ; un geyser jaillissait , c' était une inondation , elle l' embrassait et le couvrait de mots doux .	glisser	anter	«¡ Más fuerte , más fuerte , más , más ! » y él entonces comprobaba siempre que ya no podía más , que hacía ya demasiado tiempo que estaba haciendo el amor para poder aumentar la fuerza de sus golpes ; por eso se salía de ella y recurría a un medio que consideraba tanto una rendición como un virtuosismo técnico digno de ser patentado : introducía la mano dentro de ella y movía con fuerza los dedos hacia abajo y hacia arriba ; saltaba un géiser , todo quedaba mojado y ella lo abrazaba y lo cubría de palabras tiernas .	part	VF.coord	VF.coord	VF.coord	VF.coord	VF.coord	VF.coord	0.45416068209123656	-0.3120339809615976
10	ru	- Messire , je suis consterné! vociféra le chat en	donnant	à sa gueule un air de consternation .	donner	concom	-¡ Messere , qué horror ! -aulló el gato poniendo cara de susto- , el rey no está en la casa .	ger	VF.coord	ing.part	ger	ger	VF.coord	Cvb.ps.impf	-0.1910712315606358	-0.20498382416253014
11	fr	Passepartout , éclairé par cette révélation ,	devant	craindre d' être compromis , se rangerait sans doute à lui , Fix .	devoir	cause	Picaporte , con esta revelación , debería creerse comprometido , y entonces se pondría de parte de Fix .	part	VF.coord	adj	VF.coord	ger	PP	PP	0.195282071488596	-0.023554748184906535
13	cs	Le nègre montra de superbes dents blanches , et Laura	tirant	du panier un bouquet de cinq œillets à demi fanés le tendit à Paul :	tirer	anter	El negro mostró unos hermosos dientes blancos y Laura cogió de su cesto un ramillete de cinco claveles medio mustios ; se lo dio a Paul :	part	VF.coord	VF.coord	VF.coord	part.past	Cvb.pt.pf	VF.coord	0.38292086254817204	-0.17180131098709311
14	cs	Oui , tel est bien le mot que vous prononcez le plus souvent ,	écoutant	cette affaire ou d' autres pareilles .	écouter	concom	Sí , ésa es la palabra que con mayor frecuencia pronuncia usted cuando oye hablar de esta historia o de otras historias parecidas .	part	VF.sub.adv	VF.sub.adv	VF.sub.adv	VF.sub.adv	VF.sub.adv	VF.sub.adv	0.11484793040484893	0.20345506471409217
15	cs	Kennedy	riant	devant l' objectif d' un photographe ne réagit nullement à une situation comique , mais ouvre très consciemment la bouche et découvre les dents .	rire	attributive	el Kennedy que ríe frente al objetivo no reacciona ante una situación cómica sino que con plena conciencia abre la boca y deja al descubierto los dientes .	part	VF.sub.rel	ing.part	VF.sub.rel	VF.sub.rel	part	part	0.34656164661799566	0.41023992870280124
17	cs	Métamorphoser sa cellule en une scène et rendre son sort supportable en l'	exposant	, en l' exhibant .	exposer	manner	¡ Convertir la cárcel en un escenario y hacer que su destino fuese soportable no sólo viviéndolo sino también representándolo y actuándolo ! ¡ Viéndose reflejado en la belleza de las propias palabras y los gestos !	ger	VF.sub.adv	ing.ger	ger	ger	VF.sub.adv	VF.coord	-0.31650676183967674	0.07404268727258109
19	cs	« Tu ne comprends rien , dit Marie-Anne , en	essayant	, sans se lever , de taper sur le ventre de son père , l' interprète principal est tellement beau .	essayer	concom	-Eres terrible -dijo Marie-Anne , tratando desde el suelo de golpear a su padre en la barriga- , el actor principal es hermoso .	ger	VF.coord	ing.part	ger	ger	VF.coord	Cvb.ps.impf	-0.19107123156063577	-0.2049838241625276
20	cs	Elle avait une image devant les yeux : un lièvre	détalant	dans un sillon , un garde-chasse au feutre vert et le clocher d' une église au-dessus de la forêt .	détaler	attributive	Tenía ante los ojos una imagen : el conejo corriendo por el surco , el cazador con el sombrero verde y la torre de la capilla por encima del bosque .	part	part	ing.part	ger	VF.sub.rel	part	part	0.2531694667315249	0.40776791678798197
21	cs	En se	tournant	successivement vers tous ses visages reflétés , il dit d' une voix faible et suraiguë de vieille dame :	se tourner	concom	Se volvía alternativamente hacia cada uno de sus rostros en los espejos y hablaba con voz débil y aguda de vieja dama :	ger	VF.coord	VF.coord	VF.coord	VF.coord	VF.coord	part	0.13969618153400262	-0.4845209605807204
24	fr	"" Monsieur Fix à bord ! "" répondit Passepartout , absolument surpris , en	reconnaissant	son compagnon de traversée du Mongolia .	reconnaître	cause	¡ El señor Fix a bordo !-respondió Picaporte , absolutamente sorprendido al reconocer a su compañero de travesía del "" Mongolia "" - .	ger	VF.sub.adv	ing.part	InfP	ger	Cvb.ps.impf	Cvb.pt.pf	-0.3371928405944111	0.12660046091480928
25	cs	N' était -ce pas plutôt la réaction hystérique d' un homme qui ,	comprenant	en son for intérieur son inaptitude à l' amour , commençait à se jouer à lui-même la comédie de l' amour ?	comprendre	cause	¿ No se trataba más bien de la histeria de un hombre que en lo más profundo de su alma ha tomado conciencia de su incapacidad d e amar y que por eso mismo empieza a fingir amor ante sí mismo ?	part	VF.coord	adj	VF.coord	ger	VF.coord	part	0.27911850844775227	-0.09382484547817849
26	cs	Elle n' avait pas pu y rester , son mari	étant	à la recherche d' un emploi urbain .	étant	cause	No podía quedarse en la granja porque su marido buscaba un puesto de trabajo en la ciudad .	part	VF.sub.adv	VF.sub.adv	VF.sub.adv	VF.sub.adv	VF.sub.adv	VF.main	0.21045840906828217	0.2528537187954259
29	cs	Elle le regardait en	souriant	, comme si elle savait qu' il allait venir .	sourir	concom	Le miraba con una sonrisa , como si supiera que iba a venir .	ger	PP	PP	PP	ger	PP	PP	-0.2579147082759805	-0.04907118288811805
32	cs	Ainsi , lors des arrivées de Lucie au grillage , je n' étais pas seul à l' observer , mais avec moi une bonne dizaine de copains	sachant	avec exactitude comment Lucie aimait , ce qu' alors elle disait ou comme elle soupirait , et chaque fois ils constataient d' un air entendu qu' elle était encore chaussée des escarpins noirs , et ils l' imaginaient nue , se promenant sur ces échasses d' un coin à l' autre de la petite chambre .	savoir	attributive	Así que cuando Lucie llegaba hasta la cerca , no la miraba yo solo , sino que conmigo la miraban por lo menos diez compañeros que sabían perfectamente cómo hacía el amor Lucie , qué decía y cómo suspiraba en tal situación , y siempre constataban con gran interés que otra vez tenía puestos los zapatos negros de tacón y se la imaginaban andando desnuda por la pequeña habitación .	part	VF.sub.rel	VF.sub.rel	VF.sub.rel	VF.sub.rel	VF.sub.rel	VF.sub.rel	0.3704110795259754	0.38416554228832034
33	cs	Accablé d' un terrible regret , je caressai sa tête dégarnie , ses longs cheveux fins qui tentaient tristement de couvrir sa calvitie , et je constatai avec frayeur que ce voyage dans ma ville natale où j' avais voulu atteindre le Zemanek haï m' amenait , pour finir , à porter dans mes bras mon copain terrassé ( oui , je me voyais à cet instant , le	tenant	sur mes bras , le tenant et le portant , immense et lourd , comme si j' avais porté ma propre faute obscure , je me voyais l' emportant à travers une foule , je me voyais en pleurs ) .	tenir	depictive	Oprimido por una enorme sensación de lástima le acaricié su coronilla rala , los tristes cabellos largos que cubrían la calvicie y advertí con temor que el viaje a mi ciudad natal , con el cual había pretendido herir a Zemanek terminaba sosteniendo yo en mis brazos a mi compañero herido ( sí , en ese momento me veía a mí mismo sosteniéndolo en mis brazos , sosteniéndolo y llevándolo , llevándolo a él , grande y pesado , como si llevara mi propia y confusa culpa , me veía llevándolo en medio de una multitud indiferente y llorando mientras lo llevaba ) .	part	VF.sub.compl	ing.part	ger	prep	VF.sub.pred	VF.main	0.1750572309811964	0.19108186455356765
34	cs	Il y avait là-dedans des phrases sur l' amour de l' Union soviétique et sur la fidélité au parti communiste , il y avait une condamnation des intellectuels qui , était -il écrit , voulaient conduire le pays à la guerre civile , mais surtout , il y avait une dénonciation de la rédaction de l' hebdomadaire des écrivains avec le nom du journaliste à la haute silhouette voûtée ( Tomas ne l' avait jamais rencontré mais connaissait son nom et sa photo ) qui l' avait délibérément abusé en	déformant	le sens de son article pour en faire un appel contre-révolutionnaire ;	déformer	manner	Había frases sobre el amor a la Unión Soviética , sobre la fidelidad al partido comunista , había una condena a los intelectuales que al parecer querían arrastrar al país a una guerra civil , pero , sobre todo , había una denuncia contra los redactores del semanario de la Unión de Escritores , incluido el nombre del redactor alto y encorvado ( Tomás no había hablado nunca con él pero sabía su nombre y le conocía de ver su foto en la prensa ) , que habían deformado conscientemente su artículo para cambiarle el sentido y transformarlo en una proclama contrarrevolucionaria ;	ger	VF.sub.adv	VF.sub.rel	VF.sub.rel	ger	VF.sub.adv	Cvb.pt.pf	-0.22963588305043367	0.11968046536420665
35	de	Si K. , épuisé de discours , faisait parfois remarquer que l’ affaire n’ avançait guère , même en	tenant	compte de toutes les difficultés , on lui répondait qu’ elle allait fort bien son petit chemin , mais qu’ elle en serait évidemment beaucoup plus loin si on s’ était adressé à temps à l’ avocat .	tenir compte de	concess	Si K algunas veces , agotado por el discurso , añadía que , teniendo en cuenta todas las dificultades , parecía que el asunto iba muy lento , se le replicaba que no iba nada lento , pero que ya habrían avanzado mucho más si K se hubiera dirigido al abogado en el momento oportuno .	ger	VF.sub.adv	conj	ger	ger	PP	Cvb.ps.impf	-0.36571321475106067	0.09791391330844582
36	cs	Ces vers ont tous un nombre de syllabes différent , les trochées , les iambes , les dactyles alternent , le sixième vers est étrangement plus long que les autres ; et bien que le poème se compose de deux quatrains , la première phrase grammaticale se termine asymétriquement dans le cinquième vers ,	créant	une mélodie qui n' existe nulle part ailleurs que dans ce seul et unique poème , aussi superbe que parfaitement ordinaire .	créer	result	Cada uno de los versos tiene un número distinto de sílabas , se alternan los troqueos , los yambos , los dáctilos , el sexto verso es curiosamente más largo que los demás y , a pesar de que se trata de dos estrofas de cuatro versos , la primera frase gramatical termina asimétricamente en el quinto verso , lo cual crea una melodía que jamás existió en ningún lugar antes que en este único poema , tan maravilloso como del todo corriente .	part	VF.sub.rel	VF.sub.rel	VF.sub.rel	ger	Cvb.ps.impf	VF.main	0.08292186422290385	0.2395571237568506
38	cs	Il a le verbe haut , il plaisante en	levant	tour à tour chaque genou , pour bien convaincre les deux sœurs de son enjouement de tonton , toujours prêt à se transformer en cheval de course pour le plaisir de ses petites nièces .	lever	concom	Habla en voz alta y bromea y levanta alternativamente una y otra pierna para que ninguna de las dos mujeres dude ni por un instante de que es un padrazo bueno y alegre , dispuesto a convertirse en cualquier momento para sus hijitas en un caballo de carreras .	ger	Cvb.ps.impf	ing.part	VF.coord	VF.coord	Cvb.ps.impf	Cvb.ps.impf	-0.19676949125919024	-0.22149173772999195
39	cs	À propos du rapport entre idéologie et imagolo-gie , j' ajoute encore ceci : les idéologies étaient comme d' immenses roues ,	tournant	en coulisse et déclenchant les guerres , les révolutions , les réformes .	tourner	attributive	En cuanto a la comparación entre la ideología y la imagología , querría añadir lo siguiente : las ideologías eran como enormes ruedas tras el escenario que daban vueltas y ponían en movimiento las guerras , las revoluciones , las reformas .	part	VF.sub.rel	ing.part	VF.sub.rel	VF.sub.rel	Cvb.ps.impf	part	0.20573728310971318	0.4057155985150959
41	ru	NA	montrant	son pantalon déchiré .	montrer	concom	-Estuve ayudando a los bomberos , messere -respondió Koróviev señalándose los pantalones rotos .	ger	VF.coord	ing.part	ger	ger	Cvb.ps.impf	Cvb.ps.impf	-0.3226778357915015	-0.1025991065230747
43	it	C’ est dans cette bonne disposition d’ esprit que me vit mon maître quand , entraîné par mes pas et sans m’ en rendre compte ,	ayant	presque accompli un périple autour de l’ abbaye , je me retrouvai où nous nous étions quittés deux heures auparavant .	accomplir	anter	En tal excelente disposición de ánimo , me encontró mi maestro cuando , llevado por mis pasos y sin darme cuenta , después de haber dado casi toda la vuelta a la abadía , regresé al sitio donde dos horas antes nos habíamos separado .	part	VF.coord	VF.coord	InfP	part.past	VF.coord	VF.main	0.38212175174511376	-0.17932867596593038
44	cs	La larme dans l' œil de Laura était celle de l' émotion que suscitait chez Laura la vue d' une Laura décidée à faire le sacrifice de sa vie , en	restant	aux côtés du mari de sa sœur disparue .	rester	manner	La lágrima en el ojo de Laura era una lágrima debida a la emoción que sentía Laura al ver a Laura decidida a sacrificar toda su vida para permanecer junto al marido de su hermana muerta .	ger	VF.sub.adv	InfP	InfP	ger	Cvb.ps.impf	adj	-0.38371172643811674	0.07671405496236573
45	fr	Une heure après avoir quitté Bombay , le train ,	franchissant	les viaducs , avait traversé l' île Salcette et courait sur le continent .	franchir	concom	Una hora después de haber salido de Bombay , el tren , salvando los viaductos , había atravesado la isla Salcette y corría sobre el continente .	part	VF.coord	VF.coord	ger	ger	VF.coord	Cvb.ps.impf	0.07311364937223816	-0.1497738041548962
47	it	Grâce à quoi , j’ ai comme des pierres milliaires disposées le long des ans , et si j’ admets que Paul de Rimini devient bibliothécaire en 1265 , et abbé en 1275 , tout en	trouvant	ensuite que sa calligraphie , ou celle de quelqu’un d’ autre qui n’ est pas Robert de Bobbio , dure de 1265 à 1285 , je découvre une différence de dix années . »	trouver	concess	Así , las considero como piedras miliares dispuestas a lo largo de los años . En consecuencia , si supongo que Paolo da Rimini llegó al cargo de bibliotecario el año 1265 , y al de abad el año 1275 , y después observo que su caligrafía , o la de algún otro que no es Roberto da Bobbio , dura desde 1265 hasta 1285 , descubro una diferencia de diez años .	ger	VF.coord	VF.coord	VF.coord	VF.coord	VF.coord	VF.main	0.18010939682461688	-0.49948442370716034
50	ru	Avec révérence et rond de jambe , le chat , de ses pattes de devant , imita les gestes d’ un portier	ouvrant	à deux battants une large porte .	ouvrir	attributive	El gato taconeó con una pata , mientras gesticulaba extrañamente con las patas delanteras , algo característico de los porteros cuando abren una puerta .	part	VF.sub.adv	ing.part	VF.sub.adv	VF.sub.rel	part	part	0.2725120453659389	0.4323889599386835
51	fr	Et , en effet , une heure ne s' était pas écoulée , que l' honnête garçon ,	ayant	coupé son nez et rogné ses ailes , n' avait plus rien en lui qui rappelât le sectateur du dieu Tingou .	couper	anter	Menos de una hora después , el honrado mozo , después de quitarse las alas y la nariz , y de mudar de ropa , no conservaba ya nada que recordase al sectario del dios Tingú .	part	VF.sub.rel	VF.coord	InfP	part.past	Cvb.pt.pf	part	0.30180101438316237	0.1600796475238899
52	fr	En	voyant	l' obscurité se faire , et avec l' obscurité s' accroître la tourmente , John Bunsby ressentit de vives inquiétudes .	voir	cause	Con la noche , la tempestad se acentuó más , y , viendo llegar la oscuridad y con la oscuridad crecer la tormenta , John Bunsby tuvo serios temores .	ger	VF.sub.adv	VF.main	ger	ger	Cvb.ps.impf	Cvb.ps.impf	-0.408330140726417	0.11886892685353406
53	fr	On se mit à la besogne , en	faisant	le moins de bruit possible .	faire	manner	Se pusieron a trabajar haciendo el menor ruido posible .	ger	Cvb.ps.impf	VF.coord	ger	ger	Cvb.ps.impf	Cvb.ps.impf	-0.3879628925539092	-0.029229047435951307
54	fr	En quittant l' île de Bombay , il traverse Salcette , saute sur le continent en face de Tannah , franchit la chaîne des Ghâtes-Occidentales , court au nord-est jusqu' à Burhampour , sillonne le territoire à peu près indépendant du Bundelkund , s' élève jusqu' à Allahabad , s' infléchit vers l' est , rencontre le Gange à Bénarès , s' en écarte légèrement , et ,	redescendant	au sud-est par Burdivan et la ville française de Chandernagor , il fait tête de ligne à Calcutta .	redescendre	concom	He aquí , en suma , el trazado del "" Great Indian Peninsular Railway "" . Partiendo de Bombay atraviesa Salcette , salta al continente enfrente de Tannab , cruza la sierra de los Ghats Occidentales , corre al Noroeste hasta Burhampur , surca el territorio casi independiente de Buidelkund , se eleva hasta Allahabad , se inclina al Este , encuentra al Ganges en Benarés , se desvía ligeramente , y volviendo al Sureste por Burdiván y la ciudad francesa de Chandemagor , va a formar cabeza de línea en Calcuta .	part	VF.coord	ing.part	ger	ger	VF.main	adj	0.03559435860828173	0.028180689922129874
55	de	En se	plaçant	au point de vue de ses gardiens , K. restait étonné qu’ on le renvoyât et qu’ on le laissât seul dans sa chambre où il avait tant de facilités de se tuer .	se placer	cond	A K le sorprendió , al adoptar la perspectiva de los vigilantes , que le hubieran confinado en la habitación y le hubieran dejado solo , pues allí tenía múltiples posibilidades de quitarse la vida .	ger	PP	ing.part	InfP	ger	PP	part	-0.23291044375325112	0.1002172440749114
56	fr	Le maître présenta son passeport , en	priant	laconiquement le consul de vouloir bien y apposer son visa .	prier	concom	El primero sacó el pasaporte , rogando lacónicamente al cónsul que se sirviera visarlo .	ger	VF.coord	PP	ger	ger	Cvb.ps.impf	Cvb.pt.pf	-0.312082033445944	-0.14942789606643134
57	cs	En le	voyant	, elle lui sourit comme à un ami :	voir	cause	Al verle le sonrió como a un viejo amigo :	ger	VF.sub.adv	VF.sub.adv	InfP	VF.sub.adv	VF.sub.adv	VF.main	-0.10097514021452109	0.04881778231244744
58	fr	La jeune femme , assise à l' arrière , se sentait émue en	contemplant	cet océan , assombri déjà par le crépuscule , qu' elle bravait sur une frêle embarcation .	contempler	cause	La joven viuda , sentada a popa , se sentía conmovida al contemplar el océano , obscurecido ya por el crepúsculo , y sobre el cual se arriesgaba en una débil embarcación .	ger	PP	VF.sub.adv	InfP	ger	VF.main	Cvb.ps.impf	-0.30952902238077706	0.06150416423718384
59	fr	"" Mais voilà cinq ans que j' ai quitté la France et que ,	voulant	goûter de la vie de famille , je suis valet de chambre en Angleterre . ""	vouloir	cause	Pero hace cinco años que he abandonado la Francia , y queriendo experimentar la vida doméstica soy ayuda de cámara en Inglaterra .	part	VF.sub.adv	ing.part	ger	ger	Cvb.ps.impf	VF.sub.adv	-0.10761656425271215	0.3290881193261407
60	fr	Au moment où Mr . Fogg allait s' embarquer , il avisa un employé et le	rejoignant	:	rejoindre	concom	En el momento en que míster Fogg iba a entrar en el vagón , se dirigió a un empleado , diciéndole :	part	VF.coord	VF.coord	VF.main	VF.coord	VF.main	Cvb.ps.impf	0.21386797470263486	-0.21768806846835936
62	ru	Elle demeura là près d’ une heure , tenant sur ses genoux le cahier abîmé qu’ elle feuilleta ,	relisant	ces lignes dont le feu avait dévoré le commencement et la fin :	relire	concom	Regresó a su dormitorio con el tesoro , colocó la foto en el espejo de tres caras , se sentó delante y así permaneció cerca de una hora , sosteniendo en las rodillas el quemado cuaderno , pasando las páginas y releyendo aquello , que ahora , quemado , no tenía principio ni fin : « … la oscuridad que llegaba del mar Mediterráneo cubrió la ciudad , odiada por el procurador .	part	VF.coord	ing.part	ger	ger	Cvb.ps.impf	Cvb.ps.impf	-0.09601697147065029	0.04699190205825341
64	ru	NA	Galopant	dans les airs à côté de Marguerite , Natacha raconta avec des éclats de rire ce qui s’ était passé dans la propriété après que Marguerite se fut envolée par-dessus la grille .	galoper	concom	Siempre volando al lado de Margarita , Natasha contó entre risas lo que había sucedido en el palacete después que ella sobrevoló la puerta del jardín .	part	VF.coord	VF.sub.adv	ger	VF.sub.adv	VF.coord	Cvb.ps.impf	0.12373292403798865	-0.06624890355445107
65	cs	Curieusement , l' ami des femmes et du prolétariat , le messager de l' égalité et de la fraternité , ne manifeste aucune émotion à l' idée que Christiane était une ancienne ouvrière et que Goethe avait fait preuve d' un courage hors du commun en	vivant	ouvertement avec elle , puis en l' épousant .	vivre	manner	Es curioso que el amigo de las mujeres y el proletariado , defensor de la igualdad y la fraternidad , nunca se haya emocionado por el hecho de que Christiane fuera una antigua obrera y por el extraordinario valor manifestado por Goethe al convivir primero con ella públicamente como amante y al hacerla luego ante todos su esposa .	ger	VF.sub.adv	ing.ger	InfP	ger	Cvb.ps.impf	VF.sub.compl	-0.40235310209736863	0.06822810558942272
67	de	À peine fut -il dans le vestibule ,	cherchant	à se retrouver au milieu des ténèbres , qu’ une petite main vint se poser sur la sienne qui n’ avait pas encore lâché la poignée de la porte .	chercher	concom	Apenas había entrado en el vestíbulo e intentaba orientarse en la oscuridad , cuando una mano pequeña , mucho más pequeña que la de K , se posó sobre la suya , aún en el picaporte , y cerró suavemente la puerta .	part	VF.coord	ing.part	VF.coord	VF.coord	VF.coord	VF.main	0.36479748315967647	-0.28796645049805286
68	cs	Sans ça , je suis une morte , tout en	vivant	.	vivre	concess	Si no , estoy muerta en vida .	ger	PP	ing.part	adv	adv	PP	adv	-0.14333653268249213	0.03722745066021829
70	fr	Mais ils enduraient la situation avec le flegme le plus britannique ,	causant	peu d' ailleurs , et se voyant à peine l' un l' autre .	causer	manner	Pero soportaban la situación con la flema más británica , hablando por otra parte poco y viéndose apenas el uno al otro .	part	VF.coord	ing.part	ger	ger	Cvb.ps.impf	VF.coord	-0.04388706505425402	0.10368109772496265
71	fr	Peut-être l' opinion de Fix	touchant	Phileas Fogg était -elle en effet modifiée .	toucher	attributive	Tal vez la opinión de Fix , respecto de Phileas Fogg , se había modificado ;	part	prep	prep	prep	prep	prep	prep	0.28616956476232996	0.2848558445794819
72	ru	Il s’ engagea résolument dans le couloir ,	raisonnant	ainsi :	raisonner	concom	Iván Nikoláyevich , sin sentirse turbado por su extraña situación , se dirigió hacia el pasillo directamente , guiado por esta reflexión :	part	VF.main	ing.part	part.past	ger	Cvb.ps.impf	Cvb.ps.impf	-0.11197474071349306	0.16060561267812953
73	cs	nul n' en sait le sens ou le message , mais , de même que les hiéroglyphes de l' Égypte ancienne sont plus beaux pour ceux qui ne savent pas les lire ( et ne les perçoivent qu' en tant que dessins fantastiques ) , il se peut que la Chevauchée des Rois soit si belle parce que le contenu de sa communication est perdu depuis longtemps et que ressortent d' autant plus les gestes , les couleurs , les mots ,	attirant	l' attention sur eux-mêmes , sur leur aspect , sur leur forme .	attirer	result	nadie sabe lo que de verdad significa , lo que quiere decir , pero igual que los jeroglíficos egipcios son más bellos para quienes no los saben leer ( y sólo los perciben como dibujos fantásticos ) es posible que la Cabalgata de los Reyes sea tan hermosa porque el contenido de su mensaje se perdió hace mucho y precisamente por eso destacan aún más los gestos , los colores , las palabras que llaman la atención sobre sí mismas y sobre su propio aspecto y su propia forma .	part	part	ing.part	VF.sub.rel	VF.sub.rel	Cvb.ps.impf	part	0.17056285178377187	0.3648573756341412
74	fr	Là s' arrêtèrent les deux puissantes locomotives ,	remorquant	les neuf wagons des invités , au nombre desquels figurait le vice-président , Mr. Thomas C. Durant ;	remorquer	attributive	Allí fue donde se inauguró el "" Union Pacific "" , el 23 de octubre de 1867 , cuyo ingeniero jefe fue el general J. M. Dodge , y donde se detuvieron las dos poderosas locomotoras que remolcaban los nuevos vagones de convidados , entre los cuales figuraba el vicepresidente Tomás C. Durant . Allí dieron el simulacro de un combate indio ; allí brillaron los fuegos artificiales , en medio de ruidosas aclamaciones : allí , por último , se publicó , por medio de una imprenta portátil , el primer número del "" Railway-Pioneer "" .	part	part	ing.part	VF.sub.rel	VF.sub.rel	part	part	0.3448105636595703	0.40448859342804083
75	it	— Non , vous allez voir » , dit Bernard en se	frayant	un chemin pour entrer .	frayer	concom	-No , ahora veréis -dijo Bernardo , abriéndose camino hacia el interior del edificio .	ger	VF.coord	ing.part	ger	ger	Cvb.ps.impf	Cvb.ps.impf	-0.32267783579150155	-0.1025991065230747
76	cs	Mais pendant leur trajet , les aiguilles des astres vont toucher chacun des points immobiles de l' horoscope ,	mettant	ainsi en jeu ( affaiblissant , fortifiant , menaçant ) les diverses composantes de votre thème vital .	mettre	result	Pero a lo largo de su recorrido , las manecillas móviles de las estrellas tocarán los puntos fijos del horóscopo y pondrán en juego ( debilitarán , favorecerán , harán peligrar ) diversos elementos de su tema vital .	part	VF.coord	VF.coord	VF.coord	ger	VF.coord	InfP	0.27802093740281814	-0.20935780017511316
77	cs	Elle était descendue du train bien avant d' arriver dans cette ville ,	cédant	à une peur panique .	céder	cause	Se bajó del tren antes de llegar a casa porque por el camino le empezó a entrar miedo .	part	VF.sub.adv	VF.sub.adv	VF.sub.adv	VF.sub.adv	VF.coord	VF.main	0.2859570352377847	0.1293525800798286
78	fr	La plupart des voyageurs connaissaient cette interruption de la voie , et , en	descendant	du train , ils s' étaient emparés des véhicules de toutes sortes que possédait la bourgade , palkigharis à quatre roues , charrettes traînées par des zébus , sortes de boeufs à bosses , chars de voyage ressemblant à des pagodes ambulantes , palanquins , poneys , etc.	descendre	anter	La mayor parte de los viajeros conocían esa interrupción de la vía , y al apearse del tren se habían apoderado de los vehículos de todo género que había en el villorrio , paikigharis de cuatro ruedas , carretas arrastradas por unos zebús , especie de bueyes de giba , carros de viaje semejantes a pagodas ambulantes , palanquines , caballos , etc .	ger	PP	ing.part	InfP	part.past	Cvb.pt.pf	Cvb.ps.impf	-0.20780545283288218	0.04373390771836528
79	fr	Et , en effet , il n' était pas une heure , que ce guide habile ,	abandonnant	la barre , se précipitait aux drisses des voiles et les amenait en bande , pendant que le traîneau , emporté par son irrésistible élan , franchissait encore un demi-mille à sec de toile .	abandonner	sim	Y , en efecto , no era la una de la tarde cuando , abandonando la barra , el patrón recogía velas , mientras que el trineo , arrastrado por su irresistible vuelo , recorría aún media milla sin velamen .	part	VF.sub.adv	VF.coord	ger	ger	VF.coord	VF.main	0.12457023547756021	0.024084431519521228
80	ru	- Et vos papiers , aussi , continua Koroviev en les	donnant	à Marguerite .	donner	concom	-También sus documentos -seguía Koróviev , entregándoselos a Margarita ; luego , volviéndose a Voland , añadió respetuoso- : ¡ Eso es todo , messere !	ger	VF.coord	ing.part	ger	ger	Cvb.ps.impf	Cvb.ps.impf	-0.3226778357915015	-0.10259910652307472
82	fr	Le capitaine ,	voyant	un pavillon en berne , s' était dirigé vers la petite goélette .	voir	cause	Viendo el capitán la bandera de auxilio , se dirigió a la goleta , y algunos instantes después , Phileas Fogg , pagando su pasaje según lo convenido , metía en el bolsillo del patrón John Bunsby ciento cincuenta libras .	part	VF.sub.adv	VF.main	ger	ger	PP	Cvb.pt.pf	-0.009445082391004922	0.2978986494704353
84	fr	"" Monsieur "" , lui dit-il en le	regardant	fixement , "" c' est du lapin , cela ? ""	regarder	concom	-Señor -le dijo mirándole cara a cara- , ¿ es esto conejo ?	ger	Cvb.ps.impf	ing.part	ger	ger	Cvb.ps.impf	Cvb.pt.pf	-0.3677185505345309	0.015152711394750494
85	cs	Ils promirent d' offrir à la station beaucoup de contrats publicitaires et de lancer une grande campagne , avec des affiches dans tout Paris , mais en posant des conditions auxquelles le directeur des programmes , connu sous le sobriquet de Grizzly , ne pouvait que se soumettre : peu à peu , il entreprit de raccourcir tous les commentaires , pour éviter d' ennuyer l' auditeur par de longues réflexions ; il laissa interrompre le discours des rédacteurs par les questions d' autres.rédacteurs , transformant ainsi le monologue en conversation ; il multiplia les intermèdes musicaux , au point même de garder souvent une musique de fond sous les paroles , et il recommanda à tous ses collaborateurs de donner à tout ce qu' ils diraient au micro une légèreté décontractée , jeune et insouciante , celle -là même qui a tant embelli mes rêves du petit matin en	faisant	de la météo une manière d' opéra-bouffe .	faire	manner	Prometieron conseguir para la emisora muchos contratos publicitarios y organizar además para ella una campaña con carteles por toda Francia ; pusieron sin embargo condiciones a las que el director del programa , apodado «el Oso» , no pudo sino someterse : poco a poco comenzó a acortar los comentarios para que el oyente no se aburriera con extensas reflexiones ; hizo que los cinco minutos de monólogo de cada redactor fueran interrumpidos por preguntas de otro redactor para que diera la impresión de un diálogo ; ponía muchas más cortinas musicales , dejaba con frecuencia sonar la música por debajo de la palabra y aconsejaba a todos los que hablaban por el micrófono que manifestasen al máximo una ligera soltura y una despreocupación juvenil , gracias a las cuales se embellecían mis sueños matinales , en los que las noticias del tiempo se convertían para mí en ópera cómica .	ger	VF.sub.rel	VF.coord	VF.sub.rel	ger	Cvb.ps.impf	VF.main	-0.18212467166161334	-0.045433986880691994
86	de	Un beau jour , en	arrivant	chez soi , on découvrait sur sa table toutes les requêtes qu’ on avait rédigées avec tant de zèle et d’ espoir ;	arriver	sim	Un día el abogado llegaba a casa y encontraba sobre la mesa todas las anotaciones y datos reunidos con tanto esfuerzo y con tantas esperanzas . –Se los habían devuelto , pues no poseían valor alguno en la nueva fase procesal , eran desperdicios .	ger	VF.coord	VF.coord	VF.coord	VF.coord	VF.coord	part	0.16541481007830852	-0.4384399739696725
87	cs	Je l' embrassais ( si terriblement longtemps que je n' y trouvai plus aucun plaisir ) , la câlinais ( sans sincérité ) ,	cherchant	, sans en avoir l' air , à la coucher de tout son long .	chercher	concom	Le di besos y le hice caricias ( aquello ya duraba mucho tiempo y ya no me hacía ninguna ilusión , porque los mimos se habían convertido en una treta , en un recurso ) le hice mimos ( falsos y fingidos ) mientras trataba disimuladamente de acostarla .	part	VF.coord	VF.coord	VF.sub.adv	VF.coord	VF.coord	VF.main	0.3749248031722182	-0.29154650196163384
88	cs	La vie se moquait de moi en m'	envoyant	le rappel de mon échec , précisément sous les traits de la maîtresse de cet homme que j' avais cru vaincre la veille dans une grotesque lutte sexuelle .	envoyer	manner	La vida se reía de mí al enviarme un recordatorio de mi fracaso , precisamente bajo la forma de una amante de este hombre al cual el día anterior había derrotado equivocadamente en una batalla sexual grotesca .	ger	VF.sub.adv	ing.ger	InfP	ger	Cvb.ps.impf	Cvb.pt.pf	-0.402375492072928	0.06393223010697952
89	it	Et qui versait mal , qui buvait bien , qui mourait en	riant	et qui riait en mourant , qui trimbalait son flacon et qui buvait dans le verre des autres .	rire	concom	Y unos escanciaban mal , otros bebían bien , unos morían riendo , otros reían muriendo , unos tenían sus propios frascos , otros bebían del vaso de los demás .	ger	adv	ing.part	ger	ger	Cvb.ps.impf	VF.main	-0.3043516237503755	-0.035996532402845366
90	cs	On appelait téléphone arabe un jeu auquel il avait beaucoup joué entre cinq et sept ans : les enfants se	tenant	assis côte à côte , le premier chuchotait une longue phrase au second qui la chuchotait au troisième , lequel la répétait au quatrième , et ainsi de suite jusqu' au dernier qui la prononçait à voix haute , d' où un rire général devant la différence entre la phrase initiale et son ultime transformation .	tenir	attributive	El telegrama era un juego al que jugaba entre los cinco y los siete años : los niños se sentaban en fila y uno le susurraba a otro una frase que éste luego pasaba en voz muy baja a un tercero , el tercero a un cuarto , hasta que el último la decía en voz alta y todos se reían de la diferencia entre la frase inicial y su transformación final .	part	VF.coord	VF.coord	VF.coord	VF.coord	VF.coord	VF.main	0.5157514621917971	-0.2641894672505948
91	fr	C' était un corps grave ,	parcourant	une orbite autour du globe terrestre , suivant les lois de la mécanique rationnelle .	parcourir	attributive	Era un cuerpo grave recorriendo una órbita alrededor del globo terrestre , según las leyes de la mecánica racional .	part	part	ing.part	ger	VF.sub.rel	VF.sub.rel	part	0.24475994462174963	0.3984115315935563
92	cs	Plus que Goethe buvant du vin en douce , c' est Bettina qui me paraît intéressante : elle ne s' est pas comportée comme vous ou moi , qui aurions observé Goethe avec amusement , mais en nous	taisant	discrètement et respectueusement .	taire	concom	Más interesante que el Goethe que sale a beber a escondidas me parece Bettina : no actuaba como ustedes o como yo , que observaríamos divertidos a Goethe y callaríamos discreta y respetuosamente .	ger	VF.coord	ing.part	VF.coord	ger	Cvb.ps.impf	VF.sub.compl	-0.20212669187013962	-0.2370338136087346
94	cs	Chez les peintres , le désir d' « aller de l' avant » devint névrose ; ils se mettaient tous à courir dans tous les sens , se	croisant	sans cesse les uns les autres comme des passants agités sur la même place d' une même ville .	se croiser	concom	Y así fue como el deseo de ir hacia delante se convirtió en una neurosis de los pintores ; cada uno corría hacia un lado distinto y todos se cruzaban permanentemente , como una multitud que va de un lado para otro por una misma plaza .	part	VF.coord	VF.coord	VF.coord	VF.coord	Cvb.ps.impf	VF.coord	0.2349011592909989	-0.2777330743053157
95	ru	NA	Brandissant	le couteau volé qui allait enfin trouver son utilité , trébuchant , glissant le long des arêtes rocheuses , se raccrochant à ce qui lui tombait sous la main , contraint parfois de se traîner sur les genoux , il grimpait vers les piloris , tantôt disparaissant dans un océan de ténèbres , tantôt illuminé soudain par la trépidation fulgurante d’ un éclair .	brandir	concom	Agitaba el cuchillo , no en vano robado , cayéndose en el piso resbaladizo , agarrándose a todo lo que le venía a mano , arrastrándose a veces de rodillas . Ansiaba llegar a los maderos . Tan pronto desaparecía en la oscuridad total como le iluminaba una luz temblorosa .	part	VF.coord	ing.part	VF.main	ger	Cvb.ps.impf	Cvb.ps.impf	-0.06187933656158711	0.02183334924989812
96	cs	Puis ,	disparaissant	aux yeux du peuple , il se retrouva seul parmi les tombeaux de soixante-quatre morts illustres , n' étant suivi dans sa solitude pensive que d' une caméra , d' une équipe de cinéastes et de quelques millions de Français qui , sous le déluge de la Neuvième de Beethoven , fixaient le petit écran .	disparaître	sim	Después desapareció de la vista de la gente y se quedó totalmente solo entre las tumbas de sesenta y cuatro grandes muertos , seguido ya en su reflexiva soledad únicamente por la mirada de la cámara , del equipo de filmación y de varios millones de franceses que tenían los ojos pegados a las pantallas en las que resonaba la Novena de Beethoven .	part	VF.coord	VF.coord	VF.coord	VF.coord	VF.coord	VF.main	0.4402917289388017	-0.32130075144265935
97	cs	Ah , ce cher Paul qui voulait provoquer Grizzly et le faire enrager , en	tirant	un trait sur l' Histoire , sur Beethoven , sur Picasso …	tirer	manner	Ay , mi querido Paul , que quería provocar y fastidiar al Oso haciendo tabla rasa de la historia , de Beethoven , de Picasso …	ger	VF.coord	VF.coord	ger	ger	Cvb.ps.impf	VF.main	-0.2222661825679824	-0.20108460283612134
98	de	– Fort juste , dit le brigadier en	comptant	les allumettes de la boîte .	compter	concom	–En efecto –dijo el supervisor y se dedicó a contar las cerillas que había en la caja .	ger	VF.coord	ing.part	VF.coord	VF.coord	VF.coord	VF.main	0.10635633417131575	-0.4390871131216215
99	de	« Quels malotrus ! » dit K. en se	retournant	.	retourner	concom	–¡ Gente impertinente y desconsiderada ! –dijo K al volverse hacia la habitación .	ger	VF.sub.adv	VF.sub.adv	InfP	ger	Cvb.ps.impf	Cvb.ps.impf	-0.4300082914856196	0.01303849042692281
100	cs	Mais l' opinion d' Agnès ne représentait pas grand-chose , le principal conseiller de Paul	étant	Brigitte .	être	cause	Pero la opinión de Agnes no significaba gran cosa , porque la principal consejera de Paul era Brigitte .	part	VF.sub.adv	VF.sub.adv	VF.sub.adv	VF.sub.adv	VF.sub.adv	conj	0.1702507991666174	0.3253966759044234
101	fr	Un jour , par exemple ,	parlant	de ses quatre épines , elle avait dit au petit prince :	parler	sim	Un día , por ejemplo , hablando de sus cuatro espinas , dijo al principito :	part	VF.sub.adv	VF.sub.adv	ger	ger	Cvb.ps.impf	VF.main	-0.09088295160517683	0.232132865816568
102	ru	NA	Négligeant	toutes ces merveilles , Koroviev et Béhémoth allèrent droit à la jonction des rayons d’ alimentation et de confiserie .	négliger	cause	Pero Koróviev y Popota dejaron atrás todas estas maravillas y se encaminaron directamente a aquella parte de la tienda donde se unían las secciones gastronómica y de confitería .	part	VF.coord	ing.part	VF.coord	ger	Cvb.ps.impf	Cvb.ps.impf	0.01549949982672819	0.010643795698922843
103	it	Guillaume se rendit compte de ce qui arrivait et il lâcha prise – le vieux , se	sentant	libre , recula de quelques pas – hésita sensiblement , trop sans doute , incertain s’ il fallait reprendre Jorge ou se précipiter pour éteindre le petit bûcher .	se sentir	cause	Guillermo se dio cuenta de lo que estaba sucediendo y soltó al viejo -que al sentirse libre retrocedió unos pasos- ; vaciló un momento , sin duda demasiado largo , dudando entre coger de nuevo a Jorge o lanzarse a apagar la pequeña hoguera . Un libro más viejo que los otros ardió casi de golpe , lanzando hacia lo alto una lengua de fuego .	part	VF.sub.adv	ing.part	InfP	VF.sub.adv	Cvb.ps.impf	Cvb.pt.pf	0.021621653085777893	0.3188848797880579
104	ru	Des gens bouleversés passèrent en	courant	devant le poète , criant quelque chose , mais Ivan Nikolaïevitch ne comprit pas un mot de ce qu’ ils disaient .	courir	manner	Unos cuantos hombres , horrorizados , corrían por el bulevar y pasaban casi rozando al poeta , pero él no oía sus palabras .	ger	VF.coord	VF.main	VF.coord	VF.main	VF.main	VF.main	0.026365904826498657	-0.3402426085167318
105	fr	Mais son hésitation ne dura pas , et d' un geste ,	appelant	un de ses lieutenants , il lui donnait l' ordre de pousser une reconnaissance dans le sud - , quand des coups de feu éclatèrent .	appeler	manner	Pero su vacilación no duró , y llamó con una señal a uno de sus tenientes , dándole orden de hacer un reconocimiento por el Sur , cuando sonaron unos tiros .	part	Cvb.pt.pf	ing.part	VF.coord	part.past	VF.coord	VF.main	0.3219129437205885	-0.06680113274104398
107	cs	Le lendemain , en	revenant	à Prague après l' enterrement , elle reçut un télégramme : son père s' était suicidé de chagrin .	revenir	sim	Al día siguiente de su regreso a Praga , tras el entierro , recibió un telegrama : el padre no había podido soportar el dolor y se había suicidado .	ger	VF.sub.adv	NP	NP	VF.sub.adv	PP	PP	-0.13868587603941016	0.07129934682226444
110	fr	NA	Étant	entré chez un barbier chinois pour se faire raser à la chinoise , il apprit par le Figaro de l' endroit , qui parlait un assez bon anglais , que ces vieillards avaient tous quatre-vingts ans au moins , et qu' à cet âge ils avaient le privilège de porter la couleur jaune , qui est la couleur impériale .	entrer	cause	Habiendo entrado en una barbería china para hacerse afeitar a lo chino , supo por el barbero , que hablaba bastante bien el inglés , que aquellos ancianos pasaban todos de ochenta años , porque al llegar a esta edad tenían el privilegio de vestir de amarillo , que es el color imperial .	part	VF.sub.adv	ing.ger	ger	part.past	VF.sub.adv	Cvb.ps.impf	0.005317408711968764	0.30420557807023985
111	it	Guillaume aussi devait avoir eu une expérience semblable à la mienne , car il se touchait la joue , en levant bien haut la lampe et en	regardant	tout autour de lui .	regarder	concom	También Guillermo debía de haber sentido lo mismo que yo , porque se estaba tocando la mejilla , y , con la lámpara en alto , miraba a su alrededor .	ger	VF.coord	VF.coord	VF.coord	ger	Cvb.ps.impf	Cvb.ps.impf	-0.22072328913202238	-0.33181057530678054
112	fr	"" Pas de réflexion , c' est inutile ! "" répondit l' Américain interpellé en	haussant	les épaules , "" puisque le mécanicien assure qu' on passera ! ""	hausser	concom	-No hay reflexión , es inútil -respondió el americano , encogiéndose de hombros- , puesto que el maquinista asegura que pasaremos .	ger	Cvb.pt.pf	ing.part	ger	ger	Cvb.ps.impf	Cvb.ps.impf	-0.3930235069096787	0.01848881914106294
113	cs	Elle l' avait extrêmement protubérant , ce qui suggérait distinctement l' idée du long tube digestif se	terminant	ici par une légère saillie .	se terminer	attributive	El de ella era especialmente saliente , de modo que le recordaba de un modo muy sugerente la imagen del largo tubo digestivo que termina allí y apenas sobresale .	part	VF.sub.rel	VF.sub.rel	VF.sub.rel	VF.sub.rel	VF.sub.rel	VF.main	0.40887168442942656	0.30876705433993845
114	fr	Tout en	circulant	au milieu de ce populaire , Fix , par une habitude de sa profession , dévisageait les passants d' un rapide coup d' oeil .	circuler	concom	Mientras andaba por entre toda aquella gente , Fix , por hábito de su profesión , estudiaba con rápida mirada el semblante de los transeúntes .	ger	VF.coord	VF.sub.adv	VF.sub.adv	ger	VF.main	Cvb.ps.impf	-0.25132509868709146	-0.1724988225955708
115	fr	"" Imbécile ! "" répondit l' inspecteur , qui s' en alla ,	haussant	les épaules .	hausser	concom	-Imbécil -respondió el agente , encogiéndose de hombros .	part	Cvb.pt.pf	ing.part	ger	ger	Cvb.ps.impf	Cvb.ps.impf	-0.15237310844863314	0.17963488612624004
116	cs	A ce moment , je commençai à comprendre : la ressemblance entre moi et Zemanek ne se bornait pas au fait qu'	ayant	changé d' opinions il s' était rapproché de moi ; cette ressemblance était plus profonde et englobait nos destinées entières : le regard de Mlle Brozova et de ses contemporains nous fit semblables même là où nous nous affrontions farouchement .	changer	cause	En ese momento comprendí que la semejanza entre Zemanek y yo no consiste en que Zemanek haya modificado sus opiniones y se haya acercado así a mí , sino que se trata de una semejanza más profunda que afecta a toda nuestra vida : la mirada de la señorita Brozova y de los de su generación nos vuelve semejantes aun allí donde hemos estado furiosamente uno contra otro .	part	VF.sub.compl	VF.sub.compl	VF.sub.compl	VF.sub.compl	VF.coord	VF.main	0.3513541701789906	0.04307890100386545
117	cs	Faisant plus tard l' amour à cette mère qui défendait le droit de son gamin à la succion , Rubens lui posa son propre pouce sur les lèvres ;	tournant	lentement la tête de droite et de gauche , elle se mit à le lécher .	tourner	concom	Cuando más tarde Rubens le hizo el amor a la madre que defendía el derecho de su vastago a chuparse el dedo , le puso a ella en la boca durante el coito su propio pulgar y , moviendo lentamente la cabeza hacia la izquierda y hacia la derecha , ella le chupó el pulgar .	part	VF.coord	ing.part	ger	ger	Cvb.ps.impf	Cvb.ps.impf	-0.09601697147065026	0.04699190205825339
118	it	Mais comme je lui dis que ces seigneurs souhaitaient vivement découvrir « le tartoufo » , comme on nomme la truffe là-bas , sous la terre pour le manger ensuite , il comprit que l’ objet de leur recherche gourmande était « der Teufel » , autrement dit le diable , et il se signa avec dévotion en me	regardant	tout ahuri .	regarder	concom	Pero , como le dije que esos señores buscaban con tanto afán bajo la tierra el «tartufo» , como llaman allí a la trufa , para luego comérselo , entendió que se trataba de «der Teufel» , o sea , del diablo , y se santiguó con gran devoción , mirándome atónito .	ger	VF.coord	ing.part	ger	ger	Cvb.ps.impf	Cvb.ps.impf	-0.32267783579150155	-0.10259910652307482
119	de	– Je ne puis plus , hélas ! rester que quelques minutes , dit aimablement le chef de bureau en s’ asseyant profondément dans le fauteuil et en	regardant	sa montre .	regarder	concom	–Por desgracia sólo podré permanecer unos minutos –dijo amablemente el jefe de departamento , se sentó cómodamente en la silla y miró el reloj– , pues el trabajo me llama .	ger	VF.coord	VF.coord	VF.coord	VF.coord	VF.coord	Cvb.ps.impf	0.03836377885381922	-0.5057309825133487
120	fr	Passepartout l' accompagnait ,	portant	une paire de revolvers .	porter	concom	Picaporte le acompañaba , llevando un par de revólveres .	part	VF.coord	ing.part	ger	ger	Cvb.ps.impf	VF.main	-0.009656488260301202	-0.003092175574013608
121	fr	Phileas Fogg , en	quittant	Londres , ne se doutait guère , sans doute , du grand retentissement qu' allait provoquer son départ .	quitter	sim	Phileas Fogg , al dejar Londres , no sospechaba , sin duda , el ruido grande que su partida iba a provocar .	ger	VF.sub.adv	NP	InfP	InfP	Cvb.ps.impf	Cvb.ps.impf	-0.3429473083774567	0.06336269651599699
122	cs	Ne	pouvant	même plus tenir son verre , il s' écroula sur sa chaise .	pouvoir	cause	No era capaz ni de sostener la copa . Se deslizó sobre la silla .	part	VF.main	adj	VF.main	VF.main	Cvb.ps.impf	adj	0.11644236537309781	0.24177443374032756
123	cs	il ne nous avait rejoints que deux mois après l' incorporation normale de septembre ,	ayant	d' abord été affecté à une unité d' infanterie où il avait obstinément refusé de toucher une arme parce que c' était contraire à ses rigoureux principes religieux ;	affecté	anter	llegó dos meses después del reemplazo normal de setiembre , porque primero fue a parar a un regimiento de infantería , en el cual se negó obstinadamente a llevar un arma , porque eso iba en contra de sus severos y personales principios religiosos ;	part	VF.sub.adv	ing.part	VF.main	VF.sub.adv	VF.sub.adv	VF.main	0.20242951335737086	0.23060116177221682
124	cs	Les prairies voisines , aisément accessibles ,	étant	destinées à la fenaison , Tereza devait mener son troupeau dans les collines environnantes .	étant destiné	cause	Los prados próximos y de fácil acceso estaban destinados a la siega y , por eso , Teresa tenía que llevar el ganado a los montes de los alrededores .	part	VF.sub.adv	VF.main	VF.coord	VF.sub.adv	part	VF.sub.adv	0.28216372611562957	0.17997595015611828
125	fr	"" Une , monsieur ! "" répondit le Mormon en	levant	les bras au ciel , "" une , et c' était assez ! ""	lever	concom	-¡ Una , señor ! -contestó el mormón , elevando los brazos al cielo- , ¡ una y era bastante !	ger	Cvb.ps.impf	ing.part	ger	ger	Cvb.ps.impf	Cvb.ps.impf	-0.40179850486858926	0.02317927038231187
126	it	À ce point -là , Bence ,	redoutant	d’ être découvert , s’ en était retourné au dortoir .	redouter	cause	En aquel momento , temiendo que lo descubrieran , Bencio había regresado al dormitorio .	part	VF.coord	ing.part	ger	ger	Cvb.ps.impf	Cvb.ps.impf	-0.07528695500405727	0.13985588036874924
129	de	Vous figurez -vous que vous amènerez plus vite la fin de ce sacré procès en	discutant	avec nous , les gardiens , sur votre mandat d’ arrestation et sur vos papiers d’ identité ?	discuter	manner	¿ Acaso pretende al hablar con nosotros sobre documentos de identidad y sobre órdenes de detención que su maldito proceso acabe pronto ?	ger	VF.sub.compl	ing.ger	InfP	VF.sub.adv	Cvb.ps.impf	InfP	-0.2915016167553067	0.032095921581538185
130	cs	Peu à peu , l' image empoisonnée de l' homme se	tapotant	le front disparaissait de son esprit , où brusquement surgit cette phrase : je ne peux pas les haïr , parce que rien ne m' unit à eux ; nous n' avons rien en commun .	se tapoter	attributive	La imagen envenenada del hombre que se lleva el dedo a la frente iba desapareciendo lentamente de su mente , que se llenaba de esta frase : no puedo odiarlos porque nada me une a ellos ; no tengo nada que ver con ellos .	part	VF.sub.rel	ing.part	VF.sub.rel	VF.sub.rel	part	part	0.34656164661799566	0.41023992870280135
131	cs	C' est alors que tout alla de travers : il se réveilla avec la migraine , le facteur lui apporta deux lettres désagréables , en	téléphonant	à un bureau il dut subir la voix impatiente d' une femme qui refusait de comprendre sa demande .	téléphoner	sim	Y entonces todo le salió al revés : se despertó con dolor de cabeza , el cartero le trajo dos cartas desagradables y , durante una conversación telefónica con una institución oficial , una voz femenina impaciente se negó a entender qué era lo que quería .	ger	PP	PP	PP	PP	VF.sub.adv	PP	-0.13590346502554757	0.0256294868844679
132	it	La querelle faisait encore rage , lorsque l’ un des novices de garde à la porte entra ,	passant	au milieu de cette confusion comme qui traverse un champ battu par la grêle , et vint glisser à l’ oreille de Guillaume que Séverin désirait lui parler d’ urgence .	passer	manner	Todavía arreciaba la disputa, cuando uno de los novicios que guardaban la puerta atravesó aquella confusión como quien cruza un campo castigado por el granizo y se acercó a Guillermo para decirle en voz baja que Severino quería hablarle con urgencia .	part	VF.sub.adv	VF.sub.adv	VF.sub.adv	ger	Cvb.ps.impf	VF.main	-0.058334181768372496	0.22251484492823767
133	fr	Mr . Fogg , ne	voulant	pas exposer Mrs . Aouda aux tortures d' une traversée en plein air , par ce froid que la vitesse rendrait plus insupportable encore , lui proposa de rester sous la garde de Passepartout à la station de Kearney .	vouloir	cause	No queriendo míster Fogg exponer a mistress Aouda a los tormentos de una travesía al aire libre , con el frío , que la velocidad había de hacer más insoportable , le propuso quedarse con Picaporte en la estación de Kearney , desde donde el buen muchacho la traería a Europa , por mejor camino y en mejores condiciones .	part	VF.coord	ing.part	ger	ger	Cvb.ps.impf	Cvb.ps.impf	-0.07528695500405726	0.13985588036874927
134	cs	Quelques instants plus tôt , en	voyant	sa siamoise réagir si violemment à l' attitude distraite de Bernard , elle s' était soudain sentie solidaire de l' animal :	voir	cause	Mientras observaba , un momento antes , cómo Bernard acariciaba a la gata , que reaccionaba enemistosamente a su ausente distracción , había sentido una violenta solidaridad con ella : hace ya varias semanas que Bernard se comporta exactamente de la misma manera con respecto a ella : la acaricia y piensa mientras tanto en otra cosa ; pone cara de que está con ella , pero ella sabe que no oye lo que le dice .	ger	VF.sub.adv	VF.sub.adv	VF.sub.adv	ger	Cvb.ps.impf	VF.sub.adv	-0.3302593418403059	0.12625742222591915
135	fr	Pendant toute la journée , l' embarcation courut ainsi vers le nord , emportée par les lames monstrueuses , en	conservant	heureusement une rapidité égale à la leur .	conserver	manner	Durante toda la jornada , corrió así hacia el Norte , arrastrada por olas monstruosas , y conservando , felizmente , una velocidad igual a la de ellas .	ger	Cvb.ps.impf	ing.part	ger	ger	Cvb.ps.impf	Cvb.ps.impf	-0.42250805293387084	0.0934252625074621
136	ru	Allongée sur le ventre , elle passa la tête au-dehors , s’	attendant	à voir sur l’ asphalte , éclairé par la lanterne de la cour , le corps disloqué de l’ homme à la valise .	s'attendre	concom	Apoyó el vientre en el antepecho y asomó la cabeza , esperando ver sobre el asfalto , iluminado por un farol , al hombre de la maleta , muerto .	part	VF.main	ing.part	ger	ger	part	Cvb.ps.impf	-0.041606328551157805	0.20281385505334038
137	it	— En	soutenant	qu’ on ne doit pas recevoir de sacrements des mains de prêtres impurs …	soutenir	manner	-Afirmando que no debían tomarse los sacramentos impartidos por sacerdotes impuros …	ger	PP	ing.part	ger	ger	Cvb.ps.impf	Cvb.ps.impf	-0.4227804211113438	0.09791822537616016
141	de	– Pas tant de discours , dit K. en	tendant	la main vers la femme .	tendre	concom	–Palabras inútiles –dijo K , y extendió su mano hacia la mujer– .	ger	VF.coord	VF.coord	VF.coord	VF.coord	VF.coord	VF.coord	0.12524358412580994	-0.5290682774162908
143	fr	D' ailleurs , la Tankadère portait admirablement la toile ,	ayant	un grand tirant d' eau , et tout était paré à amener rapidement , en cas de grain .	avoir	cause	Por otra parte , la "" Tankadera "" llevaba admirablemente el trapo , con gran calado de agua , y todo estaba preparado para aferrar inmediatamente , en caso de chubasco .	part	VF.sub.adv	VF.sub.adv	prep	ger	Cvb.ps.impf	part	-0.032788217404198	0.33406233570001753
144	fr	L' agent passa là quelques heures difficiles , tantôt croyant tout perdu , tantôt	espérant	que Fogg ignorait la situation , enfin ne sachant quel parti prendre .	espérer	sim	El agente pasó algunas horas angustiosas , creyéndolo algunas veces todo perdido , esperando otras que Fogg ignoraba la situación , y por último , no sabiendo qué partido tomar .	part	Cvb.ps.impf	ing.part	ger	ger	VF.coord	VF.main	0.08858289912628292	0.09172810039502528
145	cs	Il lui dit qu' il n' habitait pas loin , qu' il était ingénieur et que la dernière fois il s' était arrêté tout à fait par hasard en	rentrant	de son travail .	rentrer	sim	Le dijo que no vive lejos de allí , que es ingeniero y que se detuvo allí la primera vez por pura casualidad al volver del trabajo .	ger	VF.sub.adv	PP	InfP	ger	Cvb.ps.impf	VF.sub.compl	-0.37138676893245076	0.07549526386974813
147	cs	Comment je me suis d' abord attachée à Pavel , je ne pourrais le dire aujourd'hui à personne , c' est comme de la mauvaise littérature , un jour anniversaire de la Libération il y avait un grand meeting sur la place de la Vieille-Ville , notre Ensemble était lui aussi de la fête , nous allions partout en groupe , petite cohorte parmi des dizaines de milliers de gens , sur la tribune nos hommes d' État et aussi des étrangers , beaucoup de discours et beaucoup d' ovations , puis Togliatti à son tour s' est approché du micro pour une brève allocution en italien et , comme toujours , la place a répondu en criant , en battant des mains , en	scandant	des mots d' ordre .	scander	manner	Y hoy ya no le podría contar a nadie cómo empezó mi relación con Pavel , porque parece una historia sacada de un libro , era el aniversario de la Liberación y en la Plaza de la Ciudad Vieja había una gran manifestación , nuestro grupo también estaba , íbamos juntos a todas partes , un grupito de gente rodeado por decenas de miles , y en la tribuna había dirigentes de nuestro país y del extranjero , hubo muchos discursos y muchos aplausos y luego se acercó al micrófono también Togliatti y pronunció un breve discurso en italiano y la plaza respondió como siempre gritando , aplaudiendo , coreando consignas .	ger	PP	ing.ger	ger	ger	PP	NP	-0.3316618485043373	0.04998305038223576
148	de	Il se sentait un peu perdu en	traversant	sous les yeux du prêtre ces longues rangées de bancs vides ;	traverser	sim	K , consciente de que el sacerdote podía estar observándole , se sentía abandonado mientras avanzaba solo entre los bancos vacíos . Las dimensiones de la catedral le parecían ahora rayar en los límites de lo soportable para el ser humano .	ger	VF.sub.adv	VF.sub.adv	VF.sub.adv	VF.sub.adv	VF.sub.adv	Cvb.ps.impf	-0.22255474266864222	0.09722673618150546
149	fr	Quant à Passepartout , il saisit la main du pilote et l' étreignit vigoureusement en	disant	:	dire	concom	En cuanto a Picaporte , tomó la mano del piloto y la estrechó vigorosamente diciendo :	ger	VF.coord	ing.part	ger	ger	VF.main	Cvb.ps.impf	-0.26309051695582814	-0.1318212531586541
150	ru	Ivan se contentait de sourire avec amertume , en	pensant	combien tout cela était bizarre et bête !	penser	concom	A todo esto , Iván esbozaba una sonrisa amarga como para sus adentros y pensaba que todo estaba resultando muy raro , absurdo .	ger	VF.coord	VF.coord	VF.coord	VF.coord	VF.coord	VF.main	0.14100625582536772	-0.5317133250202943
153	de	« Non , dit celui qui était près de la fenêtre , en jetant son livre sur une petite table et en se	levant	, vous n’ avez pas le droit de sortir , vous êtes arrêté .	se lever	sim	–No –dijo el hombre de la ventana , arrojó el libro sobre una mesita y se levantó– . No puede irse , usted está detenido .	ger	VF.coord	VF.coord	VF.coord	VF.coord	VF.coord	VF.main	0.16781169886757555	-0.49183114982136683
155	fr	Le Parsi , très familiarisé avec les routes et sentiers du pays , prétendait gagner une vingtaine de milles en	coupant	à travers la forêt , et on s' en rapporta à lui .	couper	manner	El parsi , muy familiarizado con los senderos de su país , pretendía ganar unas veinte millas atajando por la selva , y le dejaron actuar a su criterio .	ger	VF.sub.adv	ing.ger	ger	ger	Cvb.ps.impf	InfP	-0.42260610309243857	0.09783164924966908
156	cs	Mais en	voyant	la photo géante à chaque coin de rue , Laura l' avait mise en relation avec la nouvelle attitude de son amant , avec ses silences , avec son air distrait , et en avait conclu sans hésiter que le succès avait envoyé sur son chemin une autre femme qui occupait toutes ses pensées .	voir	sim	Pero ella veía en cada esquina su gran fotografía y , cuando la relacionaba con los cambios en su comportamiento , con su rostro silencioso y su distracción , llegaba sin demasiado esfuerzo a la conclusión de que el éxito había puesto en su camino a otra mujer en la que pensaba constantemente .	ger	VF.coord	VF.sub.adv	VF.coord	VF.coord	Cvb.ps.impf	VF.coord	-0.05358556549303778	-0.3183773444692585
157	cs	En	envahissant	les rues , les voitures ont réduit les trottoirs , où s' entassent les passants .	envahir	manner	Los coches , que han llenado las calles , redujeron las aceras , en las que se amontonan los peatones .	ger	VF.sub.rel	VF.sub.rel	VF.sub.rel	VF.sub.rel	Cvb.ps.impf	ppt	-0.144260545200298	0.1499788412851538
158	it	En le	gardant	secret , il gardait au contraire intacts son prestige et sa force , il n’ était pas corrompu par la dispute , par la suffisance quodlibétique qui veut passer au crible du sic et non chaque mystère et chaque grandeur .	garder	manner	En cambio , mientras permaneciera oculto , su prestigio y su fuerza seguirían intactos , a salvo de la corrupción de las disputas , de la soberbia cuodlibetal que pretende someter todo misterio y toda grandeza a la criba del sic et non .	ger	VF.sub.adv	ing.part	VF.sub.adv	ger	VF.sub.adv	Cvb.ps.impf	-0.33554459970583145	0.11411315723121535
159	cs	II prononça ces derniers mots avec une certaine gravité , puis ajouta en	souriant	:	sourir	concom	Las últimas palabras las pronunció con mucho énfasis y luego añadió , con una sonrisa :	ger	PP	PP	PP	PP	PP	Cvb.ps.impf	-0.23579836417326894	-0.07049797354123852
161	fr	NA	Déjeunant	, dînant au club à des heures chronométriquement déterminées , dans la même salle , à la même table , ne traitant point ses collègues , n' invitant aucun étranger , il ne rentrait chez lui que pour se coucher , à minuit précis , sans jamais user de ces chambres confortables que le Reform-Club tient à la disposition des membres du cercle .	déjeuner	concom	Almorzando y comiendo en el club a horas cronométricamente determinadas , en el mismo comedor , en la misma mesa , sin tratarse nunca con sus colegas , sin convidar jamás a ningún extraño , sólo volvía a su casa para acostarse a la media noche exacta , sin hacer uso en ninguna ocasión de los cómodos dormitorios que el Reform-Club pone a disposición de los miembros del círculo .	part	VF.coord	VF.coord	ger	VF.sub.adv	VF.main	VF.main	0.21767663686446048	-0.12596775721526096
162	fr	"" A vous de couper , monsieur "" , ajouta -t-il en	présentant	les cartes à Thomas Flanagan .	présenter	concom	añadiendo después y presentando las cartas a Tomás Flanagan- . A vos os toca cortar .	ger	VF.coord	ing.part	ger	ger	Cvb.ps.impf	Cvb.ps.impf	-0.3226778357915015	-0.10259910652307483
163	cs	Certaines portaient un voile de plastique spécial , qui formait autour du corps ( ou d' une seule de ses parties , ventre et derrière notamment ) une sorte d' emballage hermétique ,	provoquant	une intense transpiration et l' espoir d' un amaigrissement .	provoquer	result	Algunas llevaban puestas unas curiosas prendas de material plástico , que formaban alrededor del cuerpo ( o de determinada parte del cuerpo , con frecuencia la barriga y el trasero ) un envoltorio aislante que lo hacía sudar aún más y creaba en las mujeres la ilusión de que adelgazaban con mayor rapidez .	part	conj	VF.sub.adv	VF.sub.rel	VF.sub.adv	part	conj	0.2793109862635198	0.32030335058859793
164	cs	Elle ne pouvait trouver la consolation qu' en	regardant	en arrière .	regarder	manner	Lo único que puede consolarla es mirar hacia atrás .	ger	NP	ing.ger	VF.sub.compl	NP	NP	VF.sub.adv	-0.1658965010996694	-0.022504442875393466
165	fr	"" Là , au coin de la place , "" répondit l' inspecteur en	indiquant	une maison éloignée de deux cents pas .	indiquer	concom	-Allí en la esquina de la plaza -respondió el inspector , indicando una casa que distaba unos doscientos pasos .	ger	Cvb.ps.impf	ing.part	ger	ger	Cvb.ps.impf	Cvb.ps.impf	-0.4017985048685891	0.023179270382311788
167	it	J’ étais fasciné par ces cartilages jaunis , mystiques et répugnants à la fois , transparents et mystérieux , par ces lambeaux de vêtements d’ époque immémoriale , décolorés , effilochés , parfois enroulés dans une fiole comme un manuscrit défraîchi , par ces matières en miettes se confondant avec l’ étoffe qui leur servait de couche , saints détritus d’ une vie jadis animale ( et rationnelle ) et maintenant , prisonniers des édifices de cristal ou de métal qui mimaient dans leur minuscule dimension la hardiesse des cathédrales de pierre avec leurs tours et leurs flèches ,	semblant	transformés eux aussi en substance minérale .	sembler	attributive	Estaba fascinado por aquellos cartílagos amarillentos , místicos y repugnantes al mismo tiempo , transparentes y misteriosos , por aquellos jirones de vestiduras de épocas inmemoriales , descoloridos , deshilachados , a veces enrollados dentro de un frasco como un manuscrito descolorido , por aquellas materias desmenuzadas que se confundían con el paño que les servía de lecho , detritos santos de una vida que había sido animal ( y racional ) y que ahora , apresados dentro de edificios de cristal o de metal , que en sus minúsculas dimensiones imitaban la audacia de las catedrales de piedra , con sus torres y agujas , parecían haberse transformado también ellos en sustancia mineral .	part	VF.main	VF.main	VF.coord	VF.coord	VF.coord	VF.sub.adv	0.4577875550644981	-0.07516627282391625
169	fr	Puis ,	prenant	Passepartout par la ceinture et l' enroulant de sa trompe , il l' enleva jusqu' à la hauteur de sa tête .	prendre	sim	El elefante exhaló algunos gruñidos de satisfacción , y luego tomó a Picaporte por la cintura y lo levantó hasta la altura de su cabeza .	part	VF.coord	ing.part	VF.coord	part.past	VF.coord	VF.coord	0.35213241878537366	-0.14309677578626717
170	de	« Vous avez de beaux yeux noirs , dit-elle quand ils furent installés , en	regardant	d’ en bas le visage de K.	regarder	concom	–Tiene unos ojos negros muy bonitos –dijo ella después de sentarse y contemplar el rostro de K– . Me han dicho que yo también tengo ojos bonitos , pero los suyos lo son mucho más .	ger	VF.coord	ing.part	InfP	VF.coord	VF.coord	VF.coord	0.023511555855958335	-0.35728172500037886
171	cs	Tous avaient , à l' évidence , interprété dans le sens de leur propre suspicion les mots du commandant	parlant	hier d' un Alexej dénonciateur et avaient brusquement ressenti le flot chaleureux du consentement avec la cruauté du galonné .	parler	attributive	Era evidente que las palabras pronunciadas el día anterior por el comandante acusando a Alexej de soplón las habían interpretado todos de acuerdo con sus propias sospechas y habían sentido una repentina oleada de cálida aprobación por la crueldad del comandante .	part	NP	NP	ger	prep	prep	PP	0.20793149034384387	0.3063026384457945
174	cs	il protestait faiblement ,	montrant	par là sa modestie et provoquant ainsi la jeune fille à d' autres louanges .	montrer	result	hizo un amago de protesta , con lo cual demostró su sencillez y , al mismo tiempo , incitó a la señorita a que lo siguiera elogiando .	part	VF.sub.adv	ing.part	VF.sub.rel	ger	VF.sub.rel	VF.coord	0.1005979968648584	0.31613717996259133
176	fr	On rappela ce que l' existence de Phileas Fogg avait de mystérieux , son isolement , son départ subit , et il parut évident que ce personnage ,	prétextant	un voyage autour du monde et l' appuyant sur un pari insensé , n' avait eu d' autre but que de dépister les agents de la police anglaise .	prétexter	attributive	Todos recordaron lo que tenía de místeriosa la existencia de Phileas Fogg , su aislamiento , su partida repentina , y pareció evidente que este personaje , pretextando un viaje alrededor del mundo y apoyándose en una apuesta insensata , no tenía otro objeto que hacer perder la pista a los agentes de la policía inglesa .	part	VF.sub.rel	ing.ger	ger	PP	Cvb.ps.impf	adj	0.0648453039491304	0.3379796606584493
178	fr	"" Je ferai tout pour le ramener	vivant	en Europe ! "" répondit simplement Fix , d' un ton qui marquait une implacable volonté .	vivant	depictive	-Todos los medios emplearé para que llegue vivo a Europa -respondió simplemente Fix , con tono que denotaba una implacable voluntad .	part	adj	ing.part	adj	adj	adj	adj	0.21101666515424947	0.23857173963332415
179	fr	"" Trente hommes de bonne volonté ! "" ajouta -t-il en se	tournant	vers ses soldats .	se tourner	concom	¡ Treinta hombres voluntarios ! -añadió , volviéndose hacia los soldados .	ger	Cvb.ps.impf	ing.part	ger	part.past	Cvb.ps.impf	part	-0.2610154062149178	0.03458186147616203
180	cs	En s'	attardant	dans la salle des Hollandais , Rubens songeait à la luthiste et se disait : la luthiste n' est pas un modèle pour Frans Hais ; la luthiste est le modèle des grands peintres d' autrefois , qui cherchaient la beauté dans la surface immobile du visage .	s'attarder	sim	Cuando paseaba por la sala de los holandeses , Rubens pensaba en la mujer que toca el laúd y se decía : La mujer que toca el laúd no es un modelo para Hals ; la mujer que toca el laúd es un modelo para los pintores que buscaban la belleza en la superficie inmóvil de los rasgos .	ger	VF.sub.adv	VF.sub.adv	VF.sub.adv	VF.sub.adv	Cvb.ps.impf	Cvb.ps.impf	-0.31708274931306696	0.10481101991823012
181	fr	Et ,	marchant	ainsi , je découvris le puits au lever du jour .	marcher	sim	Continué caminando y al rayar el alba descubrí el pozo .	part	VF.sub.adv	VF.sub.adv	ger	ger	Cvb.ps.impf	VF.coord	-0.11290501398955688	0.2823624575444889
183	de	– Non , dit la femme en	refermant	la porte , ce n’ est pas permis ;	refermer	concom	–No –dijo la mujer , y cerró la puerta– . No está permitido .	ger	VF.coord	VF.sub.adv	VF.coord	VF.coord	VF.coord	VF.main	0.10434634253026454	-0.4742167253829594
184	fr	Déjeunant ,	dînant	au club à des heures chronométriquement déterminées , dans la même salle , à la même table , ne traitant point ses collègues , n' invitant aucun étranger , il ne rentrait chez lui que pour se coucher , à minuit précis , sans jamais user de ces chambres confortables que le Reform-Club tient à la disposition des membres du cercle .	dîner	depictive	Almorzando y comiendo en el club a horas cronométricamente determinadas , en el mismo comedor , en la misma mesa , sin tratarse nunca con sus colegas , sin convidar jamás a ningún extraño , sólo volvía a su casa para acostarse a la media noche exacta , sin hacer uso en ninguna ocasión de los cómodos dormitorios que el Reform-Club pone a disposición de los miembros del círculo .	part	VF.coord	VF.coord	ger	VF.coord	VF.main	VF.main	0.3013810900724951	-0.15985270596731585
185	fr	Il évitait toujours les lieux habités , se	sentant	plus en sûreté dans ces campagnes désertes , qui marquent les premières dépressions du bassin du grand fleuve .	se sentir	cause	Evitaba siempre los parajes habitados , creyéndose más seguro en el campo desierto , donde se encuentran las primeras depresiones de la cuenca del gran río .	part	VF.coord	ing.part	ger	ger	Cvb.ps.impf	Cvb.ps.impf	-0.07528695500405731	0.13985588036874927
186	cs	La	sachant	mariée , on ne comptait pas trop sur son accord ; elle les surprit tous : elle répondit « oui » sans hésitation ; et elle se surprit elle-même : ce « oui » , qu' elle avait prononcé sans réflexion préalable , prouvait que son désir n' était pas une comédie qu' elle s' était jouée à elle-même , par coquetterie et sans y croire , mais quelque chose de réel et de sérieux .	savoir	cause	Sabían que estaba casada y por eso no contaban demasiado con que aceptara ; los sorprendió : dijo «sí» sin pensarlo un segundo ; y se sorprendió también a sí misma : aquel «sí» que había pronunciado sin vacilar demostraba que su deseo no era una comedia coqueta que representaba para sí misma sin creérsela , sino algo real y serio .	part	VF.coord	VF.coord	VF.coord	ger	part	VF.main	0.2910848798607874	-0.11422841754258212
188	fr	Et tes amis seront bien étonnés de te voir rire en	regardant	le ciel .	regarder	sim	Algunas veces abrirás tu ventana sólo por placer y tus amigos quedarán asombrados de verte reír mirando al cielo .	ger	PP	VF.sub.adv	ger	ger	Cvb.ps.impf	Cvb.ps.impf	-0.433295744899358	0.08656351984540839
189	fr	Tout en	fouillant	ma poche pour en tirer mon revolver , je pris le pas de course , mais , au bruit que je fis , le serpent se laissa doucement couler dans le sable , comme un jet d’ eau qui meurt , et , sans trop se presser , se faufila entre les pierres avec un léger bruit de métal .	fouiller	sim	Echando mano al bolsillo para sacar mi revólver , apreté el paso , pero , al ruido que hice , la serpiente se dejó deslizar suavemente por la arena como un surtidor que muere , y , sin apresurarse demasiado , se escurrió entre las piedras con un ligero ruido metálico .	ger	VF.coord	ing.part	ger	ger	Cvb.ps.impf	Cvb.ps.impf	-0.3306460627864885	-0.04156165045108077
190	it	Mais cette mienne inaptitude à voir est sans doute l’ effet de l’ ombre que la grande ténèbre	approchant	projette sur le monde vieilli .	approcher	attributive	Pero quizás esta incapacidad para ver sea producto de la sombra que la gran tiniebla que se aproxima proyecta sobre este mundo ya viejo .	part	VF.sub.adv	VF.sub.adv	VF.sub.rel	VF.sub.rel	part	VF.sub.rel	0.3050287916172076	0.43718199500126015
191	fr	"" Or , me	trouvant	sans place et ayant appris que M. Phileas Fogg était l' homme le plus exact et le plus sédentaire du Royaume-Uni , je me suis présenté chez monsieur avec l' espérance d' y vivre tranquille et d' oublier jusqu' à ce nom de Passepartout … ""	se trouver	cause	Y hallándome desacomodado y habiendo sabido que el señor Phileas Fogg era el hombre más exacto y sedentario del Reino Unido , me he presentado en casa del señor , esperando vivir con tranquilidad y olvidar hasta el apodo de Picaporte .	part	VF.sub.adv	ing.part	ger	ger	VF.coord	Cvb.pt.pf	0.05137511784897638	0.19995548958714324
192	cs	Ces choses , il les notait sur des billets minuscules ,	faisant	risquer leur peau à ceux qui , en fraude , les passaient à l' extérieur pour les conserver en lieu sûr .	faire	manner	Lo escribía en retazos de papel y arriesgaba la vida de otras personas que lo sacaban de la cárcel y lo guardaban .	part	VF.coord	ing.part	VF.coord	ger	Cvb.ps.impf	conj	0.036105584257165785	-0.015885283265066354
193	fr	"" En	prétendant	que j' avais tort de jouer pique , le colonel m' a fait une nouvelle injure , et il m' en rendra raison . ""	prétendre	cause	Al pretender que yo hacía mal en jugar espadas , el coronel me ha injuriado de nuevo , y me dará una satisfacción .	ger	PP	ing.ger	InfP	ger	Cvb.ps.impf	Cvb.ps.impf	-0.40857742383738294	0.06951116343874214
194	cs	Il se morigénait , s' intimait l' ordre de ne pas céder à la compassion et la compassion l' écoutait en	baissant	la tête comme un coupable .	baiser	concom	Se hacía reproches para no rendirse a la compasión y la compasión lo oía con la cabeza gacha , como si se sintiera culpable .	ger	PP	PP	PP	PP	part	Cvb.pt.pf	-0.12801734311811505	-0.044407078106751915
196	ru	Au milieu de la rue , les retardataires pressaient leurs ânons , criant après eux et leur	donnant	des coups de fouet .	donner	manner	En la carretera , los últimos transeúntes apresuraban sus burros , gritándoles y arreándoles .	part	VF.coord	ing.part	ger	VF.coord	VF.coord	VF.coord	0.24813540799885306	-0.10393680642279261
197	cs	La femme qui tenait de la girafe et de la cigogne souriait en	clignant	des yeux et tout ce qu' elle disait semblait imprégné d' un sens ou d' une ironie cachés .	cligner	concom	La mujer que parecía una jirafa y una cigüeña sonreía , sus ojos se entrecerraban , de modo que todo lo que decía parecía lleno de un sentido oculto o de ironía .	ger	VF.coord	VF.coord	VF.coord	ger	VF.coord	VF.main	0.011186178335575959	-0.45361348347850927
198	fr	Phileas Fogg n' eut pas le temps d' arrêter ce courageux garçon , qui ,	ouvrant	une portière sans être vu des Indiens , parvint à se glisser sous le wagon .	ouvrir	sim	Phileas Fogg , no tuvo tiempo de detener al animoso muchacho , que , abriendo una portezuela , consiguió deslizarse debajo del vagón .	part	VF.coord	ing.part	ger	ger	VF.coord	Cvb.pt.pf	0.10130726137718907	0.005841979532159357
199	fr	Puis	levant	les yeux sur Mrs . Aouda :	lever	sim	Estuvo sin hablar cinco minutos , y luego , elevando su vista hacia Aouda , le dijo :	part	VF.coord	ing.part	ger	ger	Cvb.ps.impf	VF.main	-0.006346049574764396	0.06572784197612579
200	it	J’ ai l’ impression , en	lisant	cette page , d’ avoir déjà lu certains de ces mots , et des phrases presque identiques , que j’ ai vues ailleurs , me reviennent à l’ esprit .	lire	sim	Tengo la impresión , al leer esta página , de que ya he leído algunas de las palabras que figuran en ella , y recuerdo frases casi idénticas que he visto en otra parte .	ger	PP	VF.sub.adv	InfP	ger	VF.sub.adv	VF.sub.adv	-0.27136015792725116	0.05415596092549605
201	ru	NA	Jetant	un cri affreux , le buffetier se rua dans l’ escalier .	jeter	sim	Andréi Fókich gritó desesperado y bajó corriendo .	part	VF.coord	ing.part	VF.coord	PP	VF.coord	Cvb.pt.pf	0.31755236496048644	-0.13462690045886258
202	cs	Son âme voulait ainsi montrer que , tout en	désapprouvant	ce qui était en train de se produire , elle avait choisi de rester neutre .	désapprouver	concess	El alma pretendía así poner en evidencia que no estaba de acuerdo con lo que sucedía , pero que había decidido mantenerse neutral .	ger	VF.sub.adv	VF.sub.compl	VF.sub.compl	ger	VF.sub.compl	adj	-0.24758909064260412	0.0566668844642659
204	fr	"" Ah ! monsieur … monsieur Fogg ! "" s' écria la jeune femme , en	saisissant	les mains de son compagnon qu' elle couvrit de larmes .	saisir	concom	-¡ Ah ! ¡ míster … míster Fogg ! -exclamó la joven , asiendo las manos de su compañero bañándolas de lágrimas .	ger	VF.coord	ing.part	ger	ger	Cvb.ps.impf	Cvb.pt.pf	-0.289636786768372	-0.11220882504704328
206	fr	Le Parsi se jucha sur le cou de l' éléphant , et à neuf heures l' animal ,	quittant	la bourgade , s' enfonçait par le plus court dans l' épaisse forêt de lataniers .	quitter	sim	El parsi se colocó sobre el cuello del elefante , y a las nueve salían del villorrio y penetraban por el camino más corto en la frondosa selva de esas palmeras asiáticas llamadas plataneros .	part	VF.coord	VF.coord	VF.coord	ger	VF.main	VF.main	0.23602047348126737	-0.18252661190520889
208	fr	Mrs . Aouda s' était retirée dans une chambre de la gare , et là , seule , elle attendait ,	songeant	à Phileas Fogg , à cette générosité simple et grande , à ce tranquille courage .	songer	sim	Mistress Aouda se había retirado a un cuarto de la estación , y allí sola aguardó , pensando en Phileas Fogg , en su sencilla y graciosa generosidad y en su sereno valor .	part	PP	ing.part	ger	ger	Cvb.ps.impf	VF.main	-0.06820103018633378	0.21092425905974427
210	fr	Puis , sa pensée la reportant aux scènes du sutty , ses regards	revoyant	cette terre indienne où tant de dangers l' attendaient encore , elle fut prise d' un frisson de terreur .	revoir	cause	Y después , llevándola su pensamiento a las escenas del "" sutty "" , y viendo sus miradas esa tierra indígena donde tantos peligros la amenazaban , fue acometida de un estremecimiento de terror .	part	VF.coord	VF.coord	ger	ger	VF.sub.adv	VF.main	0.1471342717572684	-0.01235834558380884
211	de	Mais je suis venu tout de même ,	pensant	que je pourrais attendre ici ;	penser	cause	No obstante , aquí estoy , he pensado que podía esperar , es domingo , tengo tiempo y no estorbo .	part	VF.main	VF.main	VF.coord	VF.coord	VF.coord	VF.main	0.43724938244386363	-0.1542152641804962
212	ru	Cette fois , Annouchka oublia complètement le but de sa sortie et demeura dans l’ escalier , se signant à tour de bras ,	suffoquant	et parlant toute seule .	suffoquer	depictive	Anushka ya se había olvidado del objetivo de su salida , se quedó en la escalera , suspirando , santiguándose y hablando a solas .	part	VF.coord	ing.part	ger	ger	VF.coord	Cvb.ps.impf	0.06306590986708394	0.014341379228190839
213	fr	A l' arrivée de la machine , Mrs . Aouda avait quitté la gare , et s'	adressant	au conducteur :	s'adresser	concom	Al llegar la máquina , mistress Aouda preguntó al conductor :	part	Cvb.ps.impf	VF.coord	VF.main	ger	VF.coord	VF.main	0.185242328375218	-0.11498381410959647
214	cs	de fait , il y avait une pompe devant l' entrée , et la grosse quadragénaire , sans doute flattée du titre décerné à son fils , riait en	donnant	un billet au cavalier ( quêteur ) qui quémandait :	donner	sim	en efecto , delante de la casa había un surtidor pintado de verde y una mujer gorda de unos cuarenta años , seguramente satisfecha por el título adjudicado a su hijo , se sonrió y le dio a uno de los jinetes ( al recaudador ) que gritaba	ger	VF.coord	VF.coord	VF.coord	ger	VF.coord	Cvb.ps.impf	-0.07108658548835432	-0.3748888239204532
215	it	Elles vivaient dans l’ humilité en	reconnaissant	le pouvoir de l’ Église , elles ne s’ arrogèrent jamais le don de la prophétie !	reconnaître	manner	¡ Vivían en la humildad reconociendo el poder de la iglesia , no se arrogaron jamás el don de la profecía !	ger	VF.coord	ing.part	ger	ger	Cvb.ps.impf	Cvb.ps.impf	-0.34166624851769994	-0.04447740873420173
217	de	il ne lui en fut que plus pénible d’ apercevoir en	refermant	, par la porte qui donnait sur la salle à manger , Mlle Montag causant tranquillement avec le capitaine Lanz ;	refermer	sim	Por eso le fue tanto más penoso percibir , al volver a cerrar la habitación , que cerca de la puerta que daba al comedor , la señorita Montag conversaba con el capitán Lanz .	ger	VF.sub.adv	ing.part	InfP	VF.sub.adv	Cvb.ps.impf	Cvb.ps.impf	-0.3276476521984595	0.11650028751638716
219	cs	Elle les essuya en	disant	:	dire	concom	Se las secó y dijo :	ger	VF.coord	VF.coord	VF.coord	ger	Cvb.ps.impf	VF.main	-0.12957241141033166	-0.36764832181899065
220	fr	Sa nature reprenait le dessus , il s' incriminait , il s' accusait , il se traitait comme s' il eût été le directeur de la police métropolitaine ,	admonestant	un agent pris en flagrant délit de naïveté .	admonester	simil/compar	Se reconvenía a sí mismo , se acusaba , se trataba como si hubiera sido el director de la policía metropolitana , amonestando a un agente sorprendido en flagrante delito de candidez .	part	VF.sub.adv	VF.coord	ger	InfP	VF.sub.rel	VF.sub.compl	0.15747664504115602	0.1892075038267086
221	cs	« C' est un cadeau de Pavel » , et elle me racontait l' histoire de cette breloque , offerte autrefois par une jeune Russe amoureuse à son compatriote Sacha	partant	pour la longue guerre dont le dernier acte l' amena jusqu' à Prague , qu' il sauva du désastre mais où , lui , trouva sa perte .	partir	attributive	«Me lo dio Pavel» y me contó la historia del colgante , que al parecer había sido entregado hacía muchos años por una muchacha rusa enamorada a un muchacho ruso , Sasha , que partía para la gran guerra , al final de la cual llegó hasta Praga , a la que salvó de la perdición pero que fue la perdición para él .	part	VF.sub.rel	VF.sub.rel	VF.sub.rel	VF.sub.rel	VF.sub.adv	VF.main	0.3941708302396649	0.31518755471236976
223	fr	Une liasse de bank-notes ,	formant	l' énorme somme de cinquante-cinq mille livres , avait été prise sur la tablette du caissier principal de la Banque d' Angleterre .	former	attributive	Un legajo de billetes de banco que formaba la enorme cantidad de cincuenta y cinco mil libras , había sido sustraído de la mesa del cajero principal del Banco de Inglaterra .	part	part	PP	VF.sub.rel	VF.sub.rel	part	PP	0.36734687028334884	0.3933418795027167
224	fr	Et alors , tandis que la lutte continuait , pendant que les balles se croisaient au-dessus de sa tête , retrouvant son agilité , sa souplesse de clown , se	faufilant	sous les wagons , s' accrochant aux chaînes , s' aidant du levier des freins et des longerons des châssis , rampant d' une voiture à l' autre avec une adresse merveilleuse , il gagna ainsi l' avant du train .	faufiler	concom	Y entonces , mientras la lucha continuaba y las balas se cruzaban por encima de su cabeza , recobrando su agilidad y flexibilidad de clown , arrastrándose colgado por debajo de los coches , y agarrándose , ora a las cadenas , ora a las palancas de freno , rastreándose de uno a otro vagón , con maravillosa destreza , llegó a la parte delantera del tren sin haber podido ser visto .	part	VF.coord	VF.coord	ger	ger	VF.coord	VF.main	0.16752282755335582	-0.1906848297264163
225	fr	Passepartout , qui avait consciencieusement étudié son programme , fut assez surpris en	voyant	Mr . Fogg , coupable d' inexactitude , apparaître à cette heure insolite .	voir	cause	Picaporte , que había empezado a estudiar concienzudamente su programa , quedó sorprendido al ver a míster Fogg culpable de inexactitud acudir a tan inusitada hora , pues , según la nota , el inquilino de Saville-Row no debía volver sino a medianoche .	ger	VF.sub.adv	InfP	InfP	ger	Cvb.ps.impf	VF.main	-0.2900000500142906	0.04031494854853339
227	de	– Il est juge d’ instruction , dit -elle en	prenant	la main de K. ( il l’ avait saisie par la taille ) et en jouant avec ses doigts .	prendre	concom	–Es juez de instrucción –dijo ella , tomó la mano de K , con la que él la abrazaba y jugó con sus dedos .	ger	VF.coord	ing.part	VF.coord	VF.coord	VF.coord	Cvb.pt.pf	0.06756645078795293	-0.42128821709268693
228	ru	Mais pour le moment ,	laissant	provisoirement cette histoire de côté , je tiens à vous dire que je vais me plaindre de vous à votre chef et lui raconter certaines choses à votre sujet , à la suite de quoi vous serez obligé de quitter votre poste entre ces deux portes aux vitres étincelantes .	laisser	concom	Pero ahora , dejando la historia para mejor ocasión , quiero advertirle que voy a dar una queja de usted al director : Le contaré unas cuantas cosas y me temo que usted tendrá que abandonar su puesto entre las relucientes lunas .	part	VF.main	ing.part	ger	ger	Cvb.ps.impf	Cvb.ps.impf	-0.14839158395351168	0.18012375445101375
229	cs	Elle l' imaginait criant ,	hochant	rapidement la tête de droite à gauche , haussant les épaules et les sourcils pour défendre l' enfant offensé .	hocher	concom	Se imaginaba cómo le gritaría y agitaría a la vez excitada la cabeza de un lado a otro , levantando los hombros y las cejas para defender al niño ofendido .	part	VF.coord	ing.part	VF.coord	ger	Cvb.ps.impf	Cvb.ps.impf	-0.010922302735126461	-0.07482805613399716
230	fr	En effet , en	marchant	vers l' est , Phileas Fogg allait au-devant du soleil , et , par conséquent les jours diminuaient pour lui d' autant de fois quatre minutes qu' il franchissait de degrés dans cette direction .	marcher	manner	En efecto , marchando hacia Oriente , Phileas Fogg iba al encuentro del sol , y por consiguiente , los días disminuían para él tantas veces cuatro minutos como grados recorría .	ger	PP	ing.ger	ger	ger	Cvb.ps.impf	Cvb.ps.impf	-0.45760168025227854	0.06517239495427704
231	fr	Le revolver à la main , elle se défendait héroïquement ,	tirant	à travers les vitres brisées , lorsque quelque sauvage se présentait à elle .	tirer	concom	Con revólver en mano , se defendía heroicamente ; tirando por entre los cristales rotos , cuando asomaba algún salvaje .	part	Cvb.ps.impf	VF.sub.rel	ger	ger	Cvb.ps.impf	VF.main	-0.06386961019644892	0.11709495084660199
232	fr	Phileas Fogg et Fix , en	préservant	la jeune femme , furent horriblement bousculés .	préserver	cause	Phileas Fogg y Fix se vieron horriblemente atropellados al preservar a la joven Aouda .	ger	Cvb.ps.impf	PP	InfP	ger	Cvb.ps.impf	part	-0.3131618808160311	0.10319679676874517
234	fr	« Elle serait bien vexée , se dit-il , si elle voyait ça … elle tousserait énormément et ferait	semblant	de mourir pour échapper au ridicule .	faire semblant	gram	"" Si ella viese todo esto -se decía el principito- , se sentiría vejada , tosería muchísimo y simularía morir para escapar al ridículo .	part	VF.coord	VF.coord	VF.coord	VF.coord	VF.coord	VF.main	0.4626589440097591	-0.33120935228123816
235	cs	Rappelez -vous aussi cette scène superbe du Dominique de Fromentin : les deux amoureux , qui se sont aimés pendant des années sans se toucher , vont faire une promenade à cheval et la tendre , la fine , la délicate Madeleine a la cruauté inattendue de lancer sa monture dans un galop effréné ,	sachant	bien que Dominique est un piètre cavalier et risque fort de se tuer .	savoir	cause	Les recuerdo , si no , la magnífica escena del Dominique de Fromentin : los dos enamorados , que durante años se habían deseado y que jamás se habían tocado , salieron de paseo , y la tierna , fina , reservada Madeleine lanzó con inesperada crueldad su caballo a una carrera enloquecida , porque sabía que Dominique era un mal jinete y podía matarse .	part	VF.sub.adv	VF.sub.adv	VF.sub.adv	VF.sub.adv	Cvb.ps.impf	VF.main	0.09601813257968757	0.2537966301350365
240	cs	NA	Montrant	le dessin sur le mur , il dit :	montrer	concom	Se hizo un silencio y de pronto se echó a reír : señaló el dibujo en la pared .	part	VF.main	ing.part	VF.main	VF.main	VF.main	VF.main	0.2094023150720423	0.052100334423883767
241	it	Les rochers sont au contraire précisément à l’ endroit où la muraille finit ,	formant	comme une sorte de marche , et après commence la chute des litières .	former	attributive	En cambio , sí hay rocas en el sitio donde acaba la muralla : forman una especie de escalón desde el que cae el estiércol .	part	VF.sub.adv	ing.part	VF.coord	ger	Cvb.ps.impf	Cvb.ps.impf	-0.016532670840852973	0.21910148306389673
242	cs	En	arrivant	au Mont-de-Pierre , cette colline verdoyante qui se dresse au centre de Prague , elle s' aperçut avec stupeur qu' il n' y avait personne .	arriver	sim	Cuando llegó a la ladera de Petrin , esa colina verde que se alza en medio de Praga , advirtió con sorpresa que no había nadie .	ger	VF.sub.adv	ing.part	VF.sub.adv	VF.sub.adv	VF.sub.adv	Cvb.ps.impf	-0.22009514516304565	0.12152030140037179
243	cs	Je le dirai autrement : son amour pour la belle le ramena à l' état de puceau ; car en	prononçant	le mot « amour » , comme je l' ai dit en une autre occasion , tout Européen retourne , sur les ailes de l' enchantement , à l' état pré-coïtal ( ou extra-coïtal ) , à l' endroit où avait souffert le jeune Werther et où Dominique , dans le roman de Fromentin , avait failli tomber de cheval .	prononcer	cause	Lo diré de otro modo : el amor por la hermosa joven lo retrotrajo al estado virginal porque , como ya dije en otra ocasión , en cuanto un europeo pronuncia la palabra amor , regresa en alas del entusiasmo al pensamiento y la sensibilidad precoital ( o extracoital ) , exactamente al estado en que se hundió el joven Werther y en el que el Dominique de Fromentin casi se cayó del caballo .	ger	VF.sub.adv	ing.ger	VF.sub.adv	VF.sub.adv	Cvb.ps.impf	InfP	-0.25096268976926117	0.11640027361432335
245	cs	Comment je me suis d' abord attachée à Pavel , je ne pourrais le dire aujourd'hui à personne , c' est comme de la mauvaise littérature , un jour anniversaire de la Libération il y avait un grand meeting sur la place de la Vieille-Ville , notre Ensemble était lui aussi de la fête , nous allions partout en groupe , petite cohorte parmi des dizaines de milliers de gens , sur la tribune nos hommes d' État et aussi des étrangers , beaucoup de discours et beaucoup d' ovations , puis Togliatti à son tour s' est approché du micro pour une brève allocution en italien et , comme toujours , la place a répondu en	criant	, en battant des mains , en scandant des mots d' ordre .	crier	concom	Y hoy ya no le podría contar a nadie cómo empezó mi relación con Pavel , porque parece una historia sacada de un libro , era el aniversario de la Liberación y en la Plaza de la Ciudad Vieja había una gran manifestación , nuestro grupo también estaba , íbamos juntos a todas partes , un grupito de gente rodeado por decenas de miles , y en la tribuna había dirigentes de nuestro país y del extranjero , hubo muchos discursos y muchos aplausos y luego se acercó al micrófono también Togliatti y pronunció un breve discurso en italiano y la plaza respondió como siempre gritando , aplaudiendo , coreando consignas .	ger	PP	ing.ger	ger	PP	PP	adj	-0.2389712627145039	-0.03521735855586665
246	cs	Comme je viens de le dire , les aiguilles de son cadran sexuel marquaient alors l' heure de la vérité obscène , mais en	tombant	amoureux Rubens régressa aussitôt vers les stades précédents : au lit , il restait muet ou débitait à sa fiancée de tendres métaphores , persuadé que l' obscénité les aurait transportés tous deux hors du territoire de l' amour .	tomber	cause	Como dije , las manecillas del cuadrante sexual señalaban la hora de la verdad obscena , pero en cuanto se enamoró se produjo una inmediata regresión a los estadios anteriores : en la cama callaba o sólo le decía a su futura esposa tiernas metáforas , convencido de que la obscenidad los habría trasladado a ambos fuera del territorio del amor .	ger	VF.sub.adv	VF.sub.adv	VF.sub.adv	VF.sub.adv	Cvb.ps.impf	InfP	-0.23534168099307887	0.12804551979437978
247	cs	Mlle Brozova rit de nouveau en	déclarant	qu' ils n' étaient pas venus pour la Chevauchée des Rois ;	décarer	concom	la señorita Brozova volvió a reírse y dijo que el motivo de su presencia no era la Cabalgata de los Reyes ;	ger	VF.coord	VF.coord	VF.coord	VF.coord	VF.coord	VF.main	0.14100625582536794	-0.5317133250202943
249	cs	S' il n' y avait rien au-dessus des choses humaines et si les actes n' avaient d' autre portée que celle que leurs auteurs leur attribuent , la notion d' injustice serait légitime , et moi-même habilité à m' en servir , m'	étant	vu chassé d' une ferme d' État où j' avais travaillé avec ardeur .	être vu	cause	Si no hubiera nada por encima de lo humano y si las actitudes no tuvieran otro significado que el que le atribuyen quienes las adoptan , el concepto de «injusticia» estaría justificado y yo también podría hablar de injusticia por haber sido más o menos echado de la granja estatal en donde había trabajado con empeño .	part	VF.sub.adv	ing.ger	InfP	InfP	part	part	0.18273135186488093	0.33806734120467724
250	de	« C’ est bon » , ajouta -t-il en	repartant	, mais avant de prendre l’ escalier il se retourna encore une fois .	repartir	poster	Está bien –dijo , y siguió , pero antes de subir las escaleras , se volvió una vez más .	ger	VF.coord	VF.coord	VF.coord	VF.coord	VF.coord	VF.main	0.1869699185413472	-0.5028369863528838
251	fr	"" Non "" , répondit bravement Passepartout , qui s' enfuit à son tour ,	laissant	l' énergumène prêcher dans le désert .	laisser	result	-No -respondió con valentía Picaporte , que huyó a su vez , dejando al energúmeno predicar en el desierto .	part	Cvb.ps.impf	ing.part	ger	ger	Cvb.ps.impf	Cvb.pt.pf	-0.10244125350590871	0.2720097671037845
253	cs	NA	Penchant	la tête en arrière , elle l' appuya sur la poitrine de Paul .	pencher	manner	Llevó también la cabeza hacia atrás , de modo que su nuca tocó el pecho de Paul .	part	VF.coord	VF.coord	VF.coord	VF.main	VF.coord	Cvb.pt.pf	0.35625207893070493	-0.24573317586594362
254	fr	Et ,	redoublant	de précaution , suivi de ses compagnons , il se glissa silencieusement à travers les grandes herbes .	redoubler	sim	Y redoblando las precauciones , seguido de sus compañeros , se deslizó silenciosamente a través de las altas hierbas .	part	adv	adv	ger	ger	Cvb.pt.pf	Cvb.pt.pf	0.0026519575783875717	0.22794083973679452
255	it	J’ ignorais l’ existence de beaucoup d’ entre eux , j’ en reconnus d’ autres : par exemple les Brutiens avec six doigts à chaque main , les Fauniens qui naissent des vers qui se forment entre l’ écorce et l’ aubier des arbres , les Sirènes avec leur queue écailleuse , qui séduisent les marins , les Ethiopiens au corps tout noir , qui se défendent des flammes du soleil en	creusant	des cavernes souterraines , les Onacentaures , hommes jusqu’ au nombril et ânes en dessous , les Cyclopes avec un œil unique de la largeur d’ un écu , Scylla avec sa tête et sa poitrine de fille , son ventre de loup et sa queue de dauphin , les hommes velus de l’ Inde qui vivent dans les marais et sur le fleuve Epigmaride , les Cynocéphales , qui ne peuvent dire un mot sans s’ interrompre et aboyer , les Sciapodes , qui courent à folle allure sur leur unique jambe et quand ils veulent se protéger du soleil , s’ allongent et dressent leur grand pied comme une ombrelle , les Astomates de la Grèce , sans bouche , qui respirent par leurs narines et ne vivent que d’ air , les femmes barbues d’ Arménie , les Pygmées , les Epistiges que certains appellent aussi Blemmes , qui naissent sans tête , ont la bouche sur le ventre et les yeux sur les épaules , les femmes monstrueuses de la mer Rouge , de douze pieds de haut , avec des cheveux qui leur arrivent aux talons , une queue bovine au bas du dos et des sabots de chameau , et puis ceux qui ont la plante des pieds dirigée vers l’ arrière , tant et si bien qu’ à les suivre à la trace , on arrive toujours d’ où ils viennent et jamais où ils vont , et encore ceux dont les yeux brillent comme des lampes et les monstres de l’ île de Circé , corps humains et cols des animaux les plus variés …	creusant	manner	Muchos me resultaron irreconocibles , a otros pude identificarlos : por ejemplo , los brutos con seis dedos en las manos ; los faunos que nacen de los gusanos que se forman entre la corteza y la madera de los árboles ; las sirenas con la cola cubierta de escamas , que seducen a los marineros ; los etíopes con el cuerpo todo negro , que se defienden del ardor del sol cavando cavernas subterráneas ; los onocentauros , hombres hasta el ombligo y el resto asnos ; los cíclopes con un solo ojo , grande como un escudo ; Escila con la cabeza y el pecho de muchacha , el vientre de loba y la cola de delfín ; los hombres velludos de la India que viven en los pantanos y en el río Epigmáride ; los cinocéfalos , que no pueden hablar sin interrumpirse a cada momento para ladrar ; los esquípodos , que corren a gran velocidad con su única pierna y que cuando quieren protegerse del sol se echan al suelo y enarbolan su gran pie como una sombrilla ; los astómatas de Grecia , que carecen de boca y respiran por la nariz y sólo se alimentan de aire ; las mujeres barbudas de Armenia ; los pigmeos ; los epístigos , que algunos llaman también pállidos , que nacen sin cabeza y tienen la boca en el vientre y los ojos en los hombros ; las mujeres monstruosas del Mar Rojo , de doce pies de altura , con cabellos que les llegan hasta los talones , una cola bovina al final de la espalda , y pezuñas de camello ; y los que tienen la planta de los pies hacia atrás , de modo que quien sigue sus huellas siempre llega al sitio del que proceden y nunca a aquel hacia el que se dirigen ; y también los hombres con tres cabezas ; los de ojos resplandecientes como lámparas ; y los monstruos de la isla de Circe , con cuerpo de hombre y cerviz de diferentes , y muy variados , animales …	ger	VF.sub.rel	ing.ger	ger	ger	Cvb.ps.impf	VF.sub.adv	-0.37820570258251307	0.08737450267220438
256	fr	Cela ne pouvait être difficile , le gentleman	étant	d' un naturel peu remuant et peu curieux .	être	cause	No podía ser esto difícil , contando con el genio calmoso del gentleman .	part	VF.sub.adv	VF.sub.adv	ger	VF.sub.adv	VF.coord	VF.main	0.2066622731781731	0.14472110861576262
257	de	un homme , au-dessous , dirigeait le travail en	lançant	des indications .	lancer	concom	Un hombre permanecía debajo y dirigía la operación con algunos gritos .	ger	VF.coord	ing.part	prep	prep	prep	Cvb.ps.impf	-0.1426481639925004	-0.17157355347630435
259	de	L’ idée de son procès ne le lâchait plus , il s’ était déjà demandé souvent s’ il ne serait pas bon de préparer un rapport écrit pour sa défense et de l’ envoyer au tribunal : il y aurait exposé brièvement son existence en	expliquant	, à propos de tous les événements un peu importants qui lui étaient arrivés , les motifs qu’ il avait eus d’ agir comme il l’ avait fait , et en jugeant ensuite ces motifs suivant ses opinions présentes ;	expliquer	manner	El proceso ya no abandonaba sus pensamientos . Con frecuencia había considerado la posibilidad de redactar un escrito de defensa y Presentarlo al tribunal . En él incluiría una corta descripción de su vida y aclararía , respecto a cada acontecimiento importante , por qué motivos había actuado así , si esa forma de actuar , según su juicio actual , era reprochable o no , y las justificaciones que se podían aducir en uno u otro caso .	ger	VF.coord	VF.coord	VF.coord	VF.coord	VF.coord	NP	0.11541800783292196	-0.49011244595725273
262	fr	Passepartout ,	voulant	avant tout pouvoir respecter son maître , risqua quelques respectueuses observations qui furent mal reçues , et il rompit .	vouloir	cause	Queriendo Picaporte ante todo respetar a su amo , arriesgó algunas observaciones respetuosas que fueron mal recibidas , y rompió .	part	VF.sub.rel	adj	ger	VF.sub.rel	Cvb.ps.impf	Cvb.ps.impf	0.016221811692666992	0.34244570328169854
264	fr	Précisément , à Hong-Kong , résidait un de ses parents , Parsi comme elle , et l' un des principaux négociants de cette ville , qui est absolument anglaise , tout en	occupant	un point de la côte chinoise .	occuper	concess	Precisamente residía en Hong-Kong uno de sus parientes , parsi como ella , y uno de los principales comerciantes de la ciudad , que es completamente inglesa , aun cuando se halla en las costas de China .	ger	VF.sub.adv	VF.sub.adv	VF.sub.adv	VF.sub.adv	part	part	-0.08482675781879122	0.15971844331556223
265	fr	C' était un vaste steamer à roues ,	jaugeant	deux mille cinq cents tonnes , bien aménagé et doué d' une grande vitesse .	jauger	attributive	Era un gran buque de ruedas , de dos mil quinientas toneladas , bien acondicionado y dotado de mucha velocidad .	part	PP	prep	prep	VF.sub.rel	PP	PP	0.28859777638431106	0.34232130371637504
268	de	– Votre portrait ? » demanda -t-elle en ouvrant démesurément la bouche et en	tapant	légèrement sur le bras de K. comme s’ il venait de dire une chose extraordinairement surprenante ou maladroite ;	taper	concom	–¿ Un retrato ? –preguntó ella , abrió desmesuradamente la boca , golpeó ligeramente a K con la mano , como si hubiera dicho algo sorprendente o desacertado , se levantó sin más su faldita y corrió todo lo rápido que pudo detrás de las otras niñas , cuyo griterío se fue perdiendo conforme subían .	ger	VF.coord	ing.part	VF.coord	VF.coord	VF.coord	VF.main	0.1063563341713157	-0.4390871131216214
271	fr	L' agent passa là quelques heures difficiles , tantôt croyant tout perdu , tantôt espérant que Fogg ignorait la situation , enfin ne	sachant	quel parti prendre .	savoir	concom	El agente pasó algunas horas angustiosas , creyéndolo algunas veces todo perdido , esperando otras que Fogg ignoraba la situación , y por último , no sabiendo qué partido tomar .	part	VF.coord	adj	ger	VF.main	VF.sub.compl	VF.coord	0.17371008684631833	-0.03840781175800453
273	fr	Il quittait ce lit d' ivrognes , et trébuchant , s' appuyant aux murailles , tombant et se relevant , mais toujours et irrésistiblement poussé par une sorte d' instinct , il sortait de la tabagie ,	criant	comme dans un rêve :	crier	concom	Bajaba de aquella tarima de ebrios , y apoyándose , vacilante , en las paredes , cayendo y levantándose , pero siempre impelido por una especie de instinto , salía del fumadero gritando como en sueños : ¡ el "" Carnatic "" , el "" Carnatic "" !	part	VF.coord	ing.ger	ger	ger	VF.coord	Cvb.ps.impf	0.015201244512148084	-0.08413888627824076
274	de	En	refermant	la porte d’ entrée elle jeta avec un frisson un châle de soie sur ses frêles épaules .	refermer	sim	Después de cerrar la puerta de entrada se echó , temblorosa , un chal de seda sobre sus esbeltos hombros .	ger	VF.coord	VF.sub.adv	InfP	VF.sub.adv	PP	Cvb.pt.pf	-0.0985314122814833	-0.10993911494294357
275	cs	Tu l' as remercié pour de bon ? dit Paul , en	réprimant	avec peine son rire .	réprimer	concom	¿ De verdad le diste las gracias ? -dijo Paul y apenas podía ya contener la risa .	ger	VF.coord	ing.part	VF.coord	ger	Cvb.ps.impf	Cvb.ps.impf	-0.24408644500066218	-0.22494869900084927
276	cs	J' avais eu l' autorisation de sortir et , comme j' étais triste depuis la dernière permission gaspillée avec Lampadaire ,	évitant	les copains , j' étais parti tout seul .	éviter	concom	Me habían dado permiso y , como el último día libre lo había desperdiciado tristemente con La Farola , evité la compañía de los amigos y me fui solo .	part	VF.coord	VF.coord	VF.coord	VF.coord	VF.coord	VF.coord	0.39577247463542625	-0.3589338816787782
277	cs	L' ambassadeur s' assit sur le divan en	joignant	les pieds sous son séant comme il l' avait appris au cours de yoga .	joindre	manner	El embajador se acomodó en su canapé , con las piernas debajo del cuerpo , tal como se lo habían enseñado en los cursos de yoga .	ger	VF.coord	ing.ger	prep	ger	VF.coord	Cvb.pt.pf	-0.13544586614486606	-0.2346601152038101
278	it	— Oh arrogance ! s’ écria Bernard en	frappant	du poing sur la table .	frapper	concom	-¡ Oh , perversidad ! -gritó Bernardo dando un puñetazo sobre la mesa- .	ger	VF.coord	ing.part	ger	ger	Cvb.ps.impf	Cvb.ps.impf	-0.32267783579150155	-0.10259910652307488
279	cs	J' étais mort , couché sur le pont , et autour de moi je voyais mes quatre épouses accroupies , écrivant tout ce qu' elles savaient de moi , et derrière elles était mon fils qui écrivait aussi , et Gertrude Stein , la vieille sorcière , était là et écrivait , et tous mes amis étaient là et racontaient tous les cancans , toutes les calomnies qu' ils avaient pu entendre à mon sujet , et une centaine de journalistes , micros braqués , se pressaient derrière eux , et dans toutes les universités d' Amérique une armée de professeurs classaient tout cela , l' analysaient , le développaient ,	fabriquant	des milliers d' articles et des centaines de livres . »	fabriquer	result	Estaba tendido en cubierta , muerto , y a mi alrededor veía a mis cuatro mujeres ; estaban sentadas en cuclillas y escribían todo lo que sabían sobre mí y detrás de ellas estaba mi hijo y también escribía , y Gertrude Stein también estaba y escribía y estaban todos mis amigos y contaban en voz alta todas las indiscreciones y difamaciones que alguna vez habían oído contar acerca de mí , y tras ellos se apelotonaba un centenar de periodistas con micrófonos y un ejército de profesores universitarios de toda América lo clasificaba , lo analizaba , lo ampliaba y lo organizaba todo en artículos y libros .	part	VF.coord	ing.part	VF.coord	VF.coord	Cvb.ps.impf	Cvb.ps.impf	0.1449976882986813	-0.1079009126078833
280	cs	Aussi , lorsque nous fûmes assis dans un boqueteau étique , je le rouvris , lui	demandant	:	demander	concom	Y cuando nos sentamos en el bosquecillo raro que está debajo de Petrvald , abrí el libro y le pregunté :	part	VF.coord	VF.coord	VF.coord	VF.coord	VF.coord	VF.main	0.40749782825020925	-0.3710798249115472
281	cs	Aussi éprouvait -il pour elle un sentiment d' affectueuse solidarité ,	souffrant	de ses tourments comme s' ils avaient été les siens .	souffrir	cause	Sentía hacia su cuñada una compasiva solidaridad y sus padecimientos amorosos lo hacían sufrir como si le sucedieran a él mismo .	part	VF.coord	VF.main	VF.coord	VF.coord	VF.coord	VF.main	0.4429619111304976	-0.2578938244208364
282	fr	Le Rangoon , l' un des paquebots que la Compagnie péninsulaire et orientale emploie au service des mers de la Chine et du Japon , était un steamer en fer , à hélice ,	jaugeant	brut dix-sept cent soixante-dix tonnes , et d' une force nominale de quatre cents chevaux .	jauger	attributive	El "" Rangoon "" , uno de los buques que la Compañía Peninsular y Oriental emplea para el servicio del mar de China y del Japón , era un vapor de hierro , de hélice , conel aforo en bruto de mil setecientas toneladas , y la fuerza nominal de cuatrocientos caballos .	part	PP	ing.part	PP	VF.sub.rel	PP	PP	0.25852466678432307	0.3554554587323433
283	fr	On voyait ces ruminants - ces buffalos , comme les appellent improprement les Américains - marcher ainsi de leur pas tranquille ,	poussant	parfois des beuglements formidables .	pousser	concom	Aquellos rumiantes , búfalos , como impropiamente los llaman los americanos , marchaban con tranquilo paso , dando a veces formidables mugidos .	part	VF.coord	ing.part	ger	ger	Cvb.ps.impf	Cvb.ps.impf	-0.09601697147065023	0.046991902058253376
284	fr	Fix se releva , en assez mauvais état , et ,	regardant	son adversaire , il lui dit froidement :	regarder	sim	Cuando Picaporte acabó , se encontró más tranquilo y como aliviado , Fix se levantó en bastante mal estado , y mirando a su adversario , le dijo con frialdad :	part	VF.coord	ing.part	ger	ger	Cvb.pt.pf	Cvb.pt.pf	0.0387085400112847	0.10099462972609552
285	fr	La haute tour de l' hôtel de ville , où veillent les guetteurs , dominait tout cet ensemble de rues et d' avenues , se	coupant	à angles droits , entre lesquels s' épanouissaient des squares verdoyants , puis une ville chinoise qui semblait avoir été importée du Céleste Empire dans une boîte à joujoux .	se couper	attributive	La elevada torre del Ayuntamiento , donde vigilaban los guardias , dominaba todo aquel conjunto de calles y avenidas cortadas a escuadra , y entre las cuales había plazas con jardines verdosos , y después una ciudad china , que parecía haber sido importada del Celeste Imperio en un joyero .	part	part	VF.sub.rel	part.past	VF.sub.rel	part	part	0.376713013543244	0.3838525693469487
286	cs	D' ailleurs , n'	admettant	pas qu' on le plaignît , Ludvik s' était hâté de détourner la conversation .	admettre	cause	Por lo demás , Ludvik no quería que lo consolásemos y cambió en seguida de tema .	part	VF.coord	VF.coord	VF.coord	VF.coord	VF.coord	adv	0.43768887561470704	-0.27962309532030494
288	cs	À propos du rapport entre idéologie et imagolo-gie , j' ajoute encore ceci : les idéologies étaient comme d' immenses roues , tournant en coulisse et	déclenchant	les guerres , les révolutions , les réformes .	déclencher	attributive	En cuanto a la comparación entre la ideología y la imagología , querría añadir lo siguiente : las ideologías eran como enormes ruedas tras el escenario que daban vueltas y ponían en movimiento las guerras , las revoluciones , las reformas .	part	VF.coord	ing.part	VF.coord	VF.coord	part	VF.sub.rel	0.414132196356184	-0.0449271714798229
289	fr	Puis ,	songeant	à Fix :	songer	sim	Y después , acordándose de Fix , añadía : -En cuanto a ése , espero que ya nos habremos desembarazado de él , y que después de lo que me ha propuesto , no se atreverá a seguirnos sobre el "" Carnatic "" .	part	VF.sub.adv	VF.sub.adv	ger	ger	VF.main	VF.main	0.0027416854062441514	0.21418219973528602
290	fr	Elle parlait l' anglais avec une grande pureté , et le guide n' avait point exagéré en	affirmant	que cette jeune Parsie avait été transformée par l' éducation .	affirmer	manner	Hablaba inglés con suma pureza , y el guía no había exagerado al afirmar que esa joven parsi había sido transformada por la educación .	ger	VF.sub.adv	ing.ger	InfP	ger	Cvb.ps.impf	Cvb.ps.impf	-0.4528973074660372	0.06944666420469887
291	cs	Entre-temps les petits groupes attardés dans le couloir avaient fini d' emplir la salle , prenant les dernières places assises ou	faisant	tapisserie tout autour .	faire	manner	Mientras tanto , los que se habían quedado amontonados en el corredor fueron llenando la sala ; ocuparon las pocas sillas restantes y se arrimaron a las paredes .	part	VF.coord	ing.part	VF.coord	ger	VF.coord	VF.main	0.2187157436556762	-0.156917832536225
293	de	« Non , dit celui qui était près de la fenêtre , en	jetant	son livre sur une petite table et en se levant , vous n’ avez pas le droit de sortir , vous êtes arrêté .	jeter	concom	–No –dijo el hombre de la ventana , arrojó el libro sobre una mesita y se levantó– . No puede irse , usted está detenido .	ger	VF.coord	VF.sub.rel	VF.coord	VF.coord	VF.coord	VF.main	0.13257183536871614	-0.4788659809573581
294	cs	Même en	écartant	tout ce qui relevait du sentiment ( l' admiration qu' il éprouvait pour le journaliste , l' irritation que lui causait son fils ) , il n' était toujours pas certain qu' il aurait dû signer le texte qu' on lui avait présenté .	écarter	concess	Aunque procuraba dejar de lado todo lo que tenía que ver con los sentimientos ( la admiración que sentía por el redactor o la irritación que le producía el hijo ) , no estaba seguro todavía de si debía haber firmado el texto que le presentaron .	ger	VF.sub.adv	InfP	VF.sub.adv	ger	VF.sub.adv	InfP	-0.25816129183764625	0.08359771008223425
295	fr	Le paquebot	faisant	la traversée de Yokohama à San Francisco appartenait à la Compagnie du Pacific Mail steam , et se nommait le General-Grant .	faire	attributive	El vapor que hacía la travesía de Yokohama a San Francisco pertenecía a la compañía del "" Pacific Mail Steam "" , y se llamaba "" General Grant "" .	part	part	VF.sub.rel	VF.sub.rel	VF.sub.rel	part	part	0.39162869651994914	0.40504856290525615
298	fr	Fix s' était trompé comme tout le monde à l' égard de Phileas Fogg , et , en le	filant	, en l' arrêtant , il n' avait fait que son devoir , tandis que lui …	filer	manner	Algunas veces se acordaba de Fix , pero sin encono , porque al fin , equivocado el agente , como todo el mundo , respecto de Phileas Fogg , no había hecho otra cosa que cumplir con su deber siguiéndolo hasta prenderlo , mientras que él …	ger	VF.sub.adv	ing.ger	ger	ger	VF.main	Cvb.ps.impf	-0.39611393141416906	0.0718347880791447
301	it	Mais souvent , une liste de titres dit fort peu , seul le bibliothécaire	sachant	d’ après l’ emplacement du volume , d’ après le degré de son inaccessibilité , quel type de secrets , de vérités ou de mensonges le volume recèle .	savoir	cause	Pero una lista de títulos no suele decir demasiado : sólo el bibliotecario sabe , por la colocación del volumen , por su grado de inaccesibilidad , qué tipo de secretos , de verdades o de mentiras encierra cada libro .	part	VF.coord	VF.main	VF.coord	VF.coord	VF.coord	part	0.4407304451411674	-0.1950818204181208
302	cs	« Une femme plus âgée » , avait -il envie de clamer en	levant	de nouveau son verre , « c' est une améthyste dans la vie d' un homme ! »	lever	concom	«Una mujer mayor que nosotros es una joya en la vida de los hombres» , tenía ganas de exclamar y volver a levantar la copa .	ger	VF.coord	ing.part	VF.coord	ger	Cvb.ps.impf	Cvb.ps.impf	-0.2440864450006622	-0.2249486990008493
305	ru	NA	Suffoquant	dans cette atmosphère sans vie , Marguerite , sautant par-dessus les mottes de terre et les touffes d’ herbe , courait vers lui - quand elle s’ éveilla .	suffoquer	cause	Ahogándose en aquel aire inhabitable , Margarita corría hacia él por la tierra desigual , cuando se despertó .	part	VF.coord	ing.part	ger	ger	Cvb.ps.impf	Cvb.ps.impf	-0.07528695500405728	0.13985588036874932
307	fr	Phileas Fogg apaisa sa fureur en lui	jetant	une poignée de bank-notes .	jeter	manner	Phileas Fogg apaciguó su furor echándole un puñado de billetes de banco , y a las seis y media , en el momento en que iba a partir , míster Fogg y mistress Aouda ponían el pie en el vapor americano , seguidos de Picaporte , con las alas a la espalda y llevando en el rostro la nariz de seis pies , que todavía no había podido quitarse .	ger	VF.sub.compl	ing.ger	ger	ger	prep	Cvb.pt.pf	-0.3167205249297844	0.03567693086365533
308	de	K. répondit , en lui	montrant	la porte derrière laquelle les fillettes chuchotaient :	montrer	manner	–Pintor Titorelli . K señaló la puerta , detrás de la cual se oía a las niñas susurrar , y dijo :	ger	VF.coord	VF.coord	VF.main	VF.main	VF.coord	VF.main	0.07973077347898286	-0.377089788008311
309	cs	Puis elle demanda , en	observant	la photo en couleurs qui ornait la couverture du livre :	observer	concom	Miró el recuadro en colores que adornaba la portada del libro y dijo :	ger	VF.coord	VF.coord	VF.coord	VF.coord	Cvb.ps.impf	VF.main	-0.008694983346702012	-0.45339684412356457
314	cs	La place franchie , je repassai à proximité du salon de coiffure , j' y glissai un nouveau regard à travers les vitres ( quoique sachant Lucie absente , elle serait là seulement l' après-midi ) ; puis je flânais du côté de la gare routière et me représentais Helena : son visage sous un fond de teint hâlé , sa chevelure rousse , décolorée à l' évidence , sa ligne , loin d' être svelte mais	gardant	néanmoins l' élémentaire rapport de proportions qui permet de percevoir une femme comme femme , je me représentais tout ce qui la situait à l' excitante frontière du dégoûtant et de l' attirant , sa voix , plus ample qu' il n' était agréable , et sa mimique excessive qui trahissait malgré elle l' impatiente ambition de plaire encore .	garder	concess	Atravesé la plaza , pasé otra vez junto a la peluquería , volví a echar un vistazo a través del escaparate ( a pesar de que sabía que Lucie no podía estar , que estaría por la tarde ) y luego ya me dediqué exclusivamente a dar vueltas por la estación de autobuses , imaginándome a Helena : su cara oculta tras una capa de polvo color tostado , su pelo rojizo , evidentemente teñido , su figura , ni mucho menos delgada , pero que aún conserva las proporciones básicas necesarias para que a una mujer la veamos como mujer ; me imaginaba todo lo que la sitúa en la provocativa frontera entre lo desagradable y lo atractivo , también su voz , más elevada de lo que resulta grato , y también su gesticulación , que por lo exagerada revela sin querer el impaciente deseo de seguir gustando .	part	part	ing.part	VF.sub.rel	VF.sub.rel	VF.sub.rel	part	0.2911256176182652	0.3568010069721055
316	cs	NA	Ébauchant	un haussement d' épaules , elle répondit :	ébaucher	sim	» Encogió los hombros y dijo :	part	VF.coord	VF.coord	VF.coord	VF.coord	VF.coord	VF.main	0.4402917289388017	-0.32130075144265935
317	cs	La conversation les ayant tout de suite intronisés tous deux comme thème principal , il n' était rien de plus facile que de compléter les mots par des attouchements , et Tomas , tout en	parlant	de ses yeux qu' elle plissait , les lui caressait .	parler	concom	Y ya que él y ella eran desde el comienzo el tema principal de la conversación , nada más fácil que completar las palabras con roces y Tomás , al hablar de sus ojos entornados , se los acarició .	ger	VF.sub.adv	VF.sub.adv	InfP	InfP	Cvb.ps.impf	Cvb.ps.impf	-0.3607634879951549	-0.0019267044062494074
318	it	Quelquefois , comme il advint à l’ abbaye , il déambulait toute la journée dans le potager , examinant les plantes comme si c’ étaient des chrysoprases ou des émeraudes , et je le vis rôder dans la crypte du trésor en	regardant	un écrin constellé d’ émeraudes et de chrysoprases comme si c’ était un buisson de stramoine .	regarder	concom	A veces , como sucedió en la abadía , pasaba todo el día moviéndose por el huerto , examinando las plantas como si fuesen crisopacios o esmeraldas , y también lo vi recorrer la cripta del tesoro y observar un cofre cuajado de esmeraldas y crisopacios como si fuese una mata de estramonio .	ger	VF.coord	ing.part	VF.coord	ger	Cvb.ps.impf	Cvb.ps.impf	-0.24408644500066223	-0.2249486990008493
320	de	plus tard , en	devenant	vieux , il ne fait plus que grommeler .	devenir	sim	Los primeros años maldijo la desgraciada casualidad , más tarde , ya envejecido , sólo murmuraba para sí .	ger	VF.sub.adv	VF.sub.adv	part.past	VF.sub.adv	VF.sub.adv	VF.sub.adv	-0.1510508431190224	0.08402844744193003
321	de	– Difficilement ? demanda le peintre en	lançant	une main en l’ air .	lancer	concom	–¿ Difícil ? –preguntó el pintor , y elevó una mano– .	ger	VF.coord	ing.part	VF.coord	ger	VF.coord	Cvb.ps.impf	-0.10987385865177945	-0.3194444982201645
322	cs	On peut en conclure , bien sûr ( et il en était conscient ) , que sa passion pour le dessin et la peinture était moins intense qu' il ne l' avait cru : il s' était trompé , au lycée , en s'	attribuant	une vocation d' artiste .	s'attribuer	manner	Claro que de eso se desprendía ( y él era plenamente consciente de ello ) que su pasión por el dibujo y la pintura era más débil de lo que pensaba y que por lo tanto no estaba predestinado a la carrera de artista , tal como suponía cuando estudiaba el bachillerato .	ger	VF.sub.adv	VF.sub.rel	VF.coord	VF.coord	Cvb.ps.impf	VF.sub.adv	-0.13733410068499072	-0.15470792666394884
324	cs	J' avais pris le tortillard , un vieux tramway à voie étroite	reliant	entre eux les lointains quartiers d' Ostrava , et je m' étais laissé emporter au hasard .	relier	attributive	Me senté en un viejo tranvía de vía estrecha que conectaba los barrios alejados de Ostrava y dejé que me llevara .	part	part	VF.sub.rel	VF.sub.rel	ger	part	part	0.23415274399688996	0.3838843762061262
325	cs	Oui , c' était sans doute cette lenteur singulière de Lucie qui m' avait tellement envoûté , lenteur	irradiant	le sentiment résigné qu' il n' y avait pas de but valant qu' on s' y précipitât , et qu' il était inutile de tendre des mains impatientes vers quelque chose .	irradier	attributive	Sí , ya lo intuyo , fue precisamente la particular lentitud de Lucie lo que me atrajo tanto , una lentitud de la que parecía irradiar la resignada convicción de que no hay adonde ir tan de prisa y de que es inútil extender las impacientes manos hacia algo .	part	VF.sub.rel	ing.part	VF.sub.rel	VF.sub.rel	VF.sub.rel	VF.sub.rel	0.3266205221513556	0.3884626478003228
326	it	Partant , il avait résolu de laisser les choses telles quelles , en	attendant	que quelqu’un découvrît le corps au petit matin , après l’ ouverture des portes .	attendre	sim	De modo que había decidido dejar las cosas tal como estaban , esperando que alguien descubriera el cuerpo a la mañana siguiente , cuando se abriesen las puertas .	ger	VF.coord	ing.part	ger	ger	Cvb.ps.impf	VF.main	-0.24383052832836477	-0.09054710545795835
327	fr	Ces quais , montant et	descendant	avec la marée , facilitent le chargement et le déchargement des navires .	descendre	attributive	Esos muelles , que suben y bajan con la marea , facilitan la carga y descarga de los buques .	part	VF.coord	ing.part	VF.sub.rel	ger	part	part	0.2307905550529692	0.2175233235044399
329	fr	Enfin il s' arrêta , et Mudge ,	montrant	un amas de toits blancs de neige , disait :	montrer	concom	Por último , se paró , y Mudge , enseñando una aglomeración de tejados blancos decía :	part	VF.coord	ing.part	ger	ger	Cvb.ps.impf	Cvb.pt.pf	-0.05318310753827262	0.040360800163229134
330	cs	Puis il ajouta en	plaisantant	qu' Helena ne s' intéressait pas aux minets , qu' elle était une femme vertueuse mais qu' un gamin comme ça , moins il a de succès , plus il devient enragé et il a sûrement le poing rapide .	plaisanter	concom	Y luego añadió en broma que claro que a Helena no le gustan los chiquillos , que es una señora decente , pero que estos muchachos cuanto menos éxito tienen más peligrosos son y que éste seguro que es peleón .	ger	adv	adv	PP	adv	adv	VF.main	-0.08295972992766269	-0.15980622586544116
331	cs	Agnès soustrait de son moi tout ce qui est extérieur et emprunté , pour se rapprocher ainsi de sa pure essence ( en	courant	le risque d' aboutir à zéro , par ces soustractions successives ) .	courir	concess	Agnes le resta a su yo todo lo que es externo y prestado , para aproximarse así a su pura esencia ( el riesgo consiste en que al final de cada resta acecha el cero ) .	ger	prep	prep	VF.main	ger	Cvb.ps.impf	prep	-0.3108038080838697	0.048384527735647664
332	it	Arrivé au terme de ma vie de pécheur , tandis que chenu , vieilli comme le monde , dans l’ attente de me perdre en l’ abime sans fond de la divinité silencieuse et déserte ,	participant	de la lumière immuable des intelligences angéliques , désormais retenu par mon corps lourd et malade dans cette cellule de mon cher monastère de Melk , je m’ apprête à laisser sur ce vélin témoignage des événements admirables et terribles auxquels dans ma jeunesse il me fut donné d’ assister , en répétant verbatim tout ce que je vis et entendis , sans me hasarder à en tirer un dessein , comme pour laisser à ceux qui viendront ( si l’ Antéchrist ne les devance ) des signes de signes , afin que sur eux s’ exerce la prière du déchiffrement .	participer	concom	Ya al final de mi vida de pecador , mientras , canoso y decrépito como el mundo , espero el momento de perderme en el abismo sin fondo de la divinidad desierta y silenciosa , participando así de la luz inefable de las inteligencias angélicas , en esta celda del querido monasterio de Melk , donde aún me retiene mi cuerpo pesado y enfermo , me dispongo a dejar constancia sobre este pergamino de los hechos asombrosos y terribles que me fue dado presenciar en mi juventud , repitiendo verbatim cuanto vi y oí , y sin aventurar interpretación alguna , para dejar , en cierto modo , a los que vengan después ( si es que antes no llega el Anticristo ) signos de signos , sobre los que pueda ejercerse la plegaria del desciframiento .	part	part	ing.part	ger	ger	VF.sub.adv	InfP	-0.008569424385521048	0.20401087143643407
333	cs	Elle commence à se déshabiller en	disant	:	dire	concom	Empieza a desnudarse y le dice :	ger	VF.coord	VF.coord	VF.coord	VF.coord	VF.coord	VF.main	0.1410062558253679	-0.5317133250202946
334	fr	Quelquefois aussi l' hélice émergeait ,	battant	l' air de ses branches affolées , lorsqu' une montagne d' eau soulevait l' arrière hors des flots , mais le navire allait toujours de l' avant .	battre	concom	Algunas veces la hélice también salía fuera de las aguas , batiendo el aire con sus enloquecidas alas , cuando alguna montaña de agua levantaba la popa ; pero el buque iba siempre avanzando .	part	VF.coord	ing.part	ger	ger	Cvb.ps.impf	VF.coord	-0.031028049258682886	0.03232047106129492
335	fr	En ce moment , Passepartout était absolument seul dans le wagon , et l' elder , le regardant en face , le fascinant par ses paroles , lui rappela que , deux ans après l' assassinat de Smyth , son successeur , le prophète inspiré , Brigham Young ,	abandonnant	Nauvoo , vint s' établir aux bords du lac Salé , et que là , sur cet admirable territoire , au milieu de cette contrée fertile , sur le chemin des émigrants qui traversaient l' Utah pour se rendre en Californie , la nouvelle colonie , grâce aux principes polygames du mormonisme , prit une extension énorme .	abandonner	anter	Entonces ya no había quedado más que Picaporte en el vagón , y el hermano mayor , mirándole de hito en hito , fascinándole con sus palabras , le recordó que dos años después del asesinato de Smith , su sucesor el profeta inspirado , Brigham Young , abandonando a Nauvoo , fue a establecerse a las orillas del Lago Salado , y allí , en aquel admirable territorio , en medio de una región fértil , en el camino que los emigrantes atraviesan para ir a California , la nueva colonia , gracias a los principios de la poligamia del mormonismo , tomó enorme extensión .	part	VF.coord	VF.main	ger	ger	VF.coord	VF.main	0.18143680895151884	-0.07169864921309387
339	de	– Pas très surpris ? demanda le brigadier en	replaçant	la bougie au milieu de la petite table , et en groupant les autres choses tout autour .	remplacer	concom	–¿ No muy sorprendido ? –preguntó el supervisor , y puso ahora la vela en el centro de la mesilla , mientras agrupaba el resto de los objetos a su alrededor .	ger	VF.coord	VF.sub.adv	VF.coord	VF.coord	VF.coord	Cvb.pt.pf	0.06452727249498645	-0.45418567080968114
341	fr	"" Je ne donnerais pas ma part de quatre mille livres dans le pari "" , dit Andrew Stuart en s'	asseyant	, "" quand même on m' en offrirait trois mille neuf cent quatre-vingt-dix-neuf ! ""	s'asseoir	concom	-¡ No daría mi parte de cuatro mil libras en la apuesta -dijo Andrés Stuart sentándose- , aun cuando me ofrecieran tres mil novecientas noventa y nueve !	ger	Cvb.ps.impf	VF.sub.adv	ger	ger	Cvb.ps.impf	Cvb.ps.impf	-0.43400985575694623	0.006064701309179164
344	fr	"" J' ai été chanteur ambulant , écuyer dans un cirque , faisant de la voltige comme Léotard , et	dansant	sur la corde comme Blondin ;	danser	concom	He sido cantor ambulante , he sido artista de circo donde daba el salto como Leotard y bailaba en la cuerda como Blondín ; luego , al fin de hacer más útiles mis servicios , he llegado a profesor de gimnasia , y por último , era sargento de bomberos en París , y aún tengo en mi hoja de servicios algunos incendios notables .	part	VF.coord	VF.coord	VF.coord	VF.coord	VF.coord	VF.coord	0.39577247463542614	-0.35893388167877827
345	cs	Ils répétèrent leurs remontrances , l'	obligeant	à nettoyer les latrines .	obliger	result	Volvieron a reprochárselo una y otra vez , le obligaron a que limpiase el retrete .	part	VF.coord	VF.coord	VF.coord	VF.coord	VF.coord	VF.main	0.4669381914883873	-0.3244098701031427
346	fr	Pour lui , il n' avait eu qu' une idée "" drôle , et il riait en	songeant	que , pendant quelques instants , lui , Passepartout , ancien gymnaste , ex-sergent de pompiers , avait été le veuf d' une charmante femme , un vieux rajah embaumé !	songer	sim	Para él no había habido más que una chistosa ocurrencia , y se reía al pensar que durante algunos instantes , él , Picaporte , antiguo gimnasta , ex sargento de bomberos , había sido el viudo de la linda dama , un viejo rajá embalsamado .	ger	PP	InfP	InfP	PP	NP	VF.sub.adv	-0.16127840855432343	0.001839265836308551
348	fr	Après tant de dépenses faites , ce pari gagné ne l' eût pas enrichi sans doute , et il est probable qu' il n' avait pas cherché à s' enrichir -	étant	de ces hommes qui parient pour l' honneur - , mais ce pari perdu le ruinait totalement .	être	cause	Después de tanto gasto , aun en el caso de ganar la apuesta , no se hubiera enriquecido , ni es probable que hubiese tratado de hacerlo , siendo hombre de esos que apuestan por pundonor ; pero perdiéndola se arruinaba completamente .	part	VF.coord	ing.part	ger	ger	VF.coord	VF.main	0.1638918101105326	-0.013655187178244184
349	fr	"" Je ne me trompe pas "" , dit-il en l'	abordant	avec son plus aimable sourire , "" c' est bien vous , monsieur , qui m' avez si complaisamment servi de guide à Suez ? ""	aborder	concom	-No me engaño -le dijo al acercarse con amable sonrisa- ; vos sois el caballero que fue tan pacientemente en servirme de guía por las calles de Suez .	ger	Cvb.ps.impf	PP	InfP	ger	Cvb.ps.impf	VF.main	-0.32084758409541564	-0.09410789485555268
351	cs	on restituait avec exactitude paroles et gémissements	accompagnant	les copulations ;	accompagner	attributive	se evocaban con precisión las frases y los suspiros durante el coito ;	part	prep	prep	prep	VF.sub.rel	PP	part	0.3275271489591206	0.3529853093403364
354	cs	au mur étaient fixées des vitrines	contenant	des affichettes publicitaires et des photos de films ;	contenir	attributive	en aquella pared posterior había unas carteleras acristaladas con carteles de propaganda y fotografías de las películas ;	part	prep	prep	prep	prep	prep	prep	0.28616956476233013	0.28485584457948193
355	cs	Elle ne se trompait pas : en	apercevant	Laura dans l' allée bordée de cocotiers qui menait à sa villa , Bernard avait pâli de colère et lui avait dit avec sévérité :	apercevoir	cause	No se equivocaba : cuando Bernard vio a Laura en el camino bordeado de palmeras que conducía a la casa en la que vivía , se puso pálido de rabia y le dijo con severidad :	ger	VF.sub.adv	VF.sub.adv	VF.sub.adv	VF.sub.adv	VF.sub.adv	Cvb.pt.pf	-0.13346428846147793	0.11546332196764993
356	cs	Elle me regardait , épouvantée , en	rabattant	sa jupe qui , malgré ses efforts , lui descendait à peine à mi-cuisses ;	rabattre	concom	Me miró con ojos de espanto y , con un movimiento reflejo , trató de bajarse la falda arremangada , sin que ni el mayor de los esfuerzos lograse hacerla llegar hasta más allá de la mitad del muslo ;	ger	VF.coord	VF.coord	VF.coord	VF.coord	VF.coord	VF.main	0.14100625582536794	-0.5317133250202946
357	cs	Parvenue à deux pas de Paul , elle s' arrêta en	répétant	:	répéter	sim	Cuando estaba apenas a dos pasos de Paul se detuvo y dijo :	ger	VF.coord	VF.coord	VF.coord	VF.coord	VF.coord	VF.main	0.16781169886757555	-0.4918311498213666
358	it	Guillaume m’ entraîna brutalement hors du narthex en me	faisant	courir vers l’ hôpital :	faire courir	manner	Guillermo me arrastró con rudeza fuera del nártex , para que regresase corriendo al hospital :	ger	VF.coord	VF.coord	ger	ger	Cvb.ps.impf	VF.main	-0.22226618256798236	-0.2010846028361213
359	de	Puis il ferma la porte , fit une nouvelle révérence à K. et se présenta en	disant	:	dire	manner	Luego el pintor cerró la puerta , se inclinó una vez más ante K , le estrechó la imano y dijo :	ger	VF.sub.adv	ing.part	VF.coord	VF.coord	Cvb.ps.impf	VF.main	-0.11348958140775353	-0.17216468610491525
360	ru	Puis , sans qu’ on sache pourquoi , il regarda autour de lui comme un voleur , et ,	étouffant	sa voix de basse , il reprit :)	étouffer	sim	-¡ Sorprendente ! -exclamó el entrometido interlocutor y , mirando furtivamente en derredor , redujo la voz , ya baja , a un murmullo y dijo- :	part	adv	ing.part	VF.coord	ger	VF.coord	Cvb.pt.pf	0.1739434694578749	-0.002768378627208866
361	cs	Nous prîmes place à une table , saisîmes le couvert et la serviette , les	rangeant	de part et d' autre de l' assiette , et nous attendîmes .	ranger	poster	Nos sentamos a una mesa , cogimos la servilleta con los cubiertos , la pusimos junto al plato y aguardamos .	part	VF.coord	VF.coord	VF.coord	VF.coord	VF.coord	VF.coord	0.4512114776550983	-0.3135658449338687
365	cs	Il avait soixante-dix ans , bientôt quatre-vingts , et pourtant il se dressait en	brandissant	son verre comme pour se protéger de cette avalanche d' années qui lui tombait sur la tête :	brandisser	concom	Ya tenía setenta , ypoco después tendría ochenta años , y levantaba la copa como si quisiera detener esa avalancha de años que se precipitaba sobre él :	ger	VF.coord	ing.part	VF.coord	VF.coord	part	VF.main	0.08547189192780436	-0.3504294527414491
366	fr	Ni les bassins ni les docks de Londres n' avaient jamais reçu un navire	ayant	pour armateur Phileas Fogg .	avoir	attributive	Ni las dársenas ni los docks de Londres recibieron nunca un navío cuyo armador fuese Phileas Fogg .	part	VF.sub.rel	VF.sub.rel	VF.sub.rel	VF.sub.adv	VF.sub.rel	VF.main	0.38260109521934843	0.2924998062021374
367	cs	Aujourd'hui encore , mon cœur étouffe lorsque je me représente le directeur et le président fourgonnant dans sa valise ,	détenant	entre leurs mains toute son intimité matérialisée , les doux secrets de son linge sali , regardant là où il ne faut pas regarder .	détenir	concom	Aún hoy se me encoge el corazón cuando me imagino al director y al alcalde revolviendo su maletín , sosteniendoen la mano toda la vergonzosa materialidad de su intimidad , los tiernos secretos de su ropa sucia , mirando aquello que está prohibido mirar .	part	VF.sub.rel	ing.part	ger	VF.sub.rel	VF.sub.pred	VF.main	0.1856363577958791	0.1680338381583841
368	cs	Je me cachai sous le porche d' un des immeubles de la place qui cernent la gare routière ,	voulant	la regarder un petit moment , la voir écarquiller les yeux à la ronde , impuissante , assaillie par l' idée qu' elle avait voyagé en vain et qu' elle ne me verrait pas ici .	vouloir	cause	Me escondí en el portal de una de las casas que forman la plaza que rodea a la estación de autobuses , con la intención de observar desde allí cómo miraba con impotencia , pensando en que había venido hasta aquí de balde y que no me iba a encontrar .	part	VF.coord	InfP	PP	ger	VF.coord	Cvb.pt.pf	0.19691582016851653	-0.023867061770228317
370	fr	Je les apercevais comme en rêve ,	ayant	un peu de fièvre , à cause de ma soif .	avoir	cause	Yo las veía como en sueño , pues a causa de la sed tenía un poco de fiebre .	part	VF.sub.adv	VF.sub.adv	VF.sub.adv	prep	VF.coord	prep	0.2529583370445906	0.18891687131968762
371	ru	Quiconque entrait à Griboïedov devait tout d’ abord , par la force des choses , prendre connaissance des avis et informations concernant divers cercles sportifs , ainsi que des photographies , individuelles ou en groupe , des membres du Massolit , qui couvraient ( je parle des photographies ) les murs de l’ escalier	conduisant	au premier étage .	conduire	attributive	Quien visitara Griboyédov por primera vez se encontraba de un modo involuntario con información destinada a los diversos grupos deportivos , así como con las fotografías en grupo o individuales de los miembros que componían MASSOLIT , que cubrían las paredes de la escalera que llevaba al primer piso .	part	part	ing.part	VF.sub.rel	VF.sub.rel	part	part	0.3448105636595703	0.40448859342804083
372	fr	Dans les rues , ce n' était que fourmillement , va-et-vient incessant : bonzes passant processionnellement en	frappant	leurs tambourins monotones , yakounines , officiers de douane ou de police , à chapeaux pointus incrustés de laque et portant deux sabres à leur ceinture , soldats vêtus de cotonnades bleues à raies blanches et armés de fusil à percussion , hommes d' armes du mikado , ensachés dans leur pourpoint de soie , avec haubert et cotte de mailles , et nombre d' autres militaires de toutes conditions , - car , au Japon , la profession de soldat est autant estimée qu' elle est dédaignée en Chine .	frapper	concom	En las calles , todo era movimiento y agitación incesante ; bonzos que pasaban en procesión , tocando sus monótonos tamboriles ; yakuninos , oficiales de la aduana o de la policía ; con sombreros puntiagudos incrustados de laca y dos sables en el cinto ; soldados vestidos de percalina azul con rayas blancas y armados con fusiles de percusión , hombres de armas del mikado , metidos en su justillo de seda , con loriga y cota de malla , y otros muchos militares de diversas condiciones , porque en el Japón la profesión de soldado es tan distinguida como despreciada en China .	ger	Cvb.ps.impf	ing.part	ger	ger	Cvb.ps.impf	adv	-0.36671145463542487	0.015443225848119047
373	it	Or si Dieu a confié à notre ordre une mission , c’ est celle de s’ opposer à cette course vers l’ abîme , et en	conservant	, en répétant et en défendant le trésor de sagesse que nos pères nous ont confié .	conserver	manner	Pues bien , si alguna misión ha confiado Dios a nuestra orden , es la de oponerse a esa carrera hacia el abismo , conservando , repitiendo y defendiendo el tesoro de sabiduría que nuestros padres nos han confiado .	ger	VF.coord	ing.ger	ger	ger	Cvb.ps.impf	Cvb.ps.impf	-0.3777937761821046	-0.08107030165628211
374	fr	mais Fix lui	ayant	montré l' homme en question qui se promenait devant la gare , le gentleman alla à lui .	montrer	anter	Phileas Fogg no respondió a Fix ; pero éste le enseñó el hombre de que se trataba , y el gentleman después , Phileas Fogg y el americano , llamado Mudge , entraban en una covacha construida junto al fuerte Kearney .	part	VF.coord	ing.part	VF.coord	VF.sub.adv	VF.sub.adv	VF.coord	0.30642750683557984	-0.02933404246744407
375	de	– Cela va -t-il tellement mal ? demanda l’ oncle en s’	asseyant	sur le bord du lit .	s'asseoir	concom	–¿ Tan mal estás ? –preguntó el tío , y se sentó al borde de la cama– .	ger	VF.coord	ing.part	VF.coord	VF.coord	VF.coord	Cvb.ps.impf	0.008347171942211521	-0.40761211214001797
376	ru	M.Woland , artiste étranger , avait été aimablement invité par le directeur des Variétés , Stepan Bogdanovitch Likhodieïev , à loger dans son propre appartement pendant la durée de ses représentations , soit environ une semaine , et c’ est en ce sens que Likhodieïev avait écrit hier à Nicanor Ivanovitch , en le	priant	d’ inscrire l’ étranger à titre provisoire , cependant que lui-même , Likhodieïev , s’ en irait à Yalta .	prier	manner	El director del Varietés , Stepan Bogdánovich Lijodéyev , había tenido la amabilidad de invitar al artista extranjero , señor Voland , a que residiera en su casa durante los días que estuviera en Moscú para actuar , una semana aproximadamente . Sobre esto , Lijodéyev había escrito a Nikanor Ivánovich el día anterior pidiéndole que inscribiera al extranjero en el registro provisional , mientras él , Lijodéyev , estuviera en Yalta .	ger	VF.coord	ing.part	ger	ger	Cvb.ps.impf	prep	-0.299100906649888	-0.03936447130679544
378	ru	NA	Obéissant	à ce signal jaune , je tournai moi aussi dans la petite rue et suivis ses pas .	obéir	cause	Obedeciendo aquella señal amarilla , también yo torcí a la bocacalle y seguí sus pasos .	part	VF.coord	ing.part	ger	ger	part	Cvb.ps.impf	0.031164038743608503	0.16296641282112506
379	fr	Passepartout , n'	étant	point homme à laisser languir une idée , se dirigea vers le port de Yokohama .	être	cause	No siendo Picaporte hombre que dejase dormir una idea , se dirigió al puerto de Yokohama ;	part	VF.main	VF.coord	ger	VF.sub.adv	VF.coord	VF.main	0.30502964346543215	0.018040386219669344
380	fr	Fix ,	comprenant	qu' il fallait à tout prix le séparer de son maître , voulut l' achever .	comprendre	cause	Comprendiendo Fix que era necesario a toda costa separarlo de su amo , quiso rematarlo .	part	VF.coord	ing.part	ger	ger	Cvb.ps.impf	Cvb.ps.impf	-0.07528695500405728	0.13985588036874932
381	de	il souriait en	faisant	voir ses grandes dents pendant qu’ ils attendaient la réponse , et chuchotait à son neveu :	faire voir	concom	Mientras esperaban , sonrió , hizo rechinar sus grandes dientes y musitó : –Las ocho , una hora inusual para recibir a los clientes . Huld no me lo tomará a mal .	ger	VF.coord	ing.part	VF.coord	VF.coord	VF.main	NP	0.014457929702618043	-0.3796148024101821
382	fr	Dans une des salles de la Banque où il se trouvait un jour , il eut la curiosité de voir de plus pris un lingot d' or	pesant	sept à huit livres , qui se trouvait exposé sur la tablette du caissier ;	peser	attributive	En una de las salas del Banco en que se encontraba un día , tuvo curiosidad por ver de cerca una barra de oro de siete a ocho libras de peso que se encontraba expuesta en la mesa del cajero ;	part	part	ing.part	PP	PP	part	prep	0.28611287363020216	0.342896154625239
383	fr	"" Je crois qu' en	lançant	le train avec son maximum de vitesse , on aurait quelques chances de passer . ""	lancer	manner	Creo , que , lanzando el tren con su máxima velocidad , hay probabilidad de pasar .	ger	VF.sub.adv	ing.ger	ger	ger	VF.sub.adv	InfP	-0.34596186435022247	0.09258851179996969
384	cs	On s' était serré la main et j' étais redescendu sur la place ,	songeant	qu' il restait quinze minutes avant l' arrivée du car .	songer	concom	Nos dimos la mano y yo volví a salir a la calle pensando que para que llegara el autobús faltaba un cuarto de hora .	part	PP	adj	ger	adj	PP	PP	0.09116630447729918	0.1566939891798061
385	it	Célestin V fut remplacé par Boniface VII , et ce Pape se hâta de manifester une très faible indulgence pour spirituels et fraticelles en général : tout juste dans les dernières années du siècle	touchant	à sa fin , il signa une bulle , Firma cautela , dans laquelle il condamnait en vrac bizoches , quêteurs errants qui gravitaient à la limite extrême de l’ ordre franciscain , et les spirituels mêmes , autrement dit ceux qui se retranchaient de la vie de l’ ordre pour s’ adonner à la vie érémitique .	toucher	attributive	Celestino V fue sustituido por Bonifacio VIII , y este papa dio muy pronto muestras de extrema severidad con los espirituales y los fraticelli en general : precisamente cuando el siglo ya fenecía , firmó una bula , Firma cautela , por la que condenaba de un solo golpe a los terciarios y vagabundos pordioseros que se movían en la periferia de la orden franciscana , y a los propios espirituales , incluyendo a los que se apartaban de la vida en la orden para retirarse a vivir como ermitaños .	part	adj	ing.part	VF.sub.adv	VF.sub.rel	VF.sub.adv	prep	0.27478672523462827	0.37081447080129176
386	fr	"" Je sais bien "" , répondit Passepartout en s'	adressant	à un autre gentleman , "" mais une simple réflexion … ""	s'adresser	manner	-Bien lo sé -respondió Picaporte , dirigiéndose a otro- , pero una simple reflexión .	ger	Cvb.ps.impf	ing.part	ger	ger	Cvb.ps.impf	Cvb.ps.impf	-0.42250805293387067	0.09342526250746207
388	cs	NA	Espérant	que notre conversation serait des plus brèves , je m' appliquai à répondre le plus banalement possible aux banalités qu' il m' adressait : il répéta qu' on ne s' était pas vus depuis des lustres , marquant sa surprise de me retrouver justement ici , « dans ce trou perdu au diable » ;	espérer	cause	Con la esperanza de que nuestro encuentro fuese lo más breve posible , traté de responder a las habituales preguntas banales que me había dedicado con respuestas banales habituales : volvió a decir que hacía años que no nos veíamos y se extrañó de que después de tanto tiempo , nos volviésemos a encontrar precisamente aquí «en esta aldea que es el fin del mundo» ;	part	Cvb.ps.impf	ing.part	PP	ger	Cvb.ps.impf	Cvb.ps.impf	-0.10695834582288055	0.27529528420064636
389	fr	Ce coquin a tout l' air de revenir dans sa patrie ,	croyant	avoir dépisté la police .	croire	cause	Ese bribón tiene trazas de volver a su patria , creyendo haber desorientado a la policía .	part	VF.coord	ing.part	ger	ger	adj	Cvb.ps.impf	0.005538823258640135	0.13028358365063633
390	fr	Passepartout , les mains dans les poches , se rendit donc vers le port Victoria ,	regardant	les palanquins , les brouettes à voile , encore en faveur dans le Céleste Empire , et toute cette foule de Chinois , de Japonais et d' Européens , qui se pressait dans les rues .	regarder	concom	Picaporte se dirigió con las manos metidas en los bolsillos hacia el puerto Victoria , mirando los palanquines , las carretillas de vela , todavía usadas en el celeste Imperio , y toda aquella muchedumbre de chinos , japoneses y europeos que se apiñaban en las calles .	part	VF.coord	ing.part	ger	ger	Cvb.ps.impf	Cvb.ps.impf	-0.09601697147065032	0.04699190205825345
391	it	Et ne regarde plus le portail , dit-il en me	donnant	une légère tape sur la nuque alors que je me retournais , aimanté par les sculptures que j’ avais vues à l’ entrée .	donner	concom	Y no mires más esa portada -dijo , dándome unos golpecitos en la nuca mientras mi mirada volvía a dirigirse hacia aquellas fascinantes esculturas- . Por hoy ya te han asustado bastante .	ger	VF.coord	ing.part	ger	ger	Cvb.ps.impf	Cvb.ps.impf	-0.3226778357915016	-0.10259910652307482
394	fr	Fort heureusement il avait été de son côté à la découverte , et en	hésitant	un peu :	hésiter	concom	Por fortuna había ido también de descubierta por su parte , y titubeando un poco , dijo :	ger	VF.coord	PP	ger	ger	PP	VF.main	-0.18691394094674957	-0.2049319714757323
395	cs	Laura regarda sa sœur au fond des yeux en	haussant	les épaules , comme pour admettre que le contenu de la « chose » ne lui apparaissait pas encore clairement .	hausser	concom	Laura miró a su hermana profundamente , a los ojos , y se encogió de hombros como si reconociera que el claro significado de la palabra «algo» se le escapaba por el momento .	ger	VF.coord	VF.coord	VF.coord	VF.coord	VF.coord	VF.main	0.14100625582536783	-0.5317133250202946
396	fr	De temps à autre , Sir Francis Cromarty et Phileas Fogg échangeaient quelques paroles , et , à ce moment , le brigadier général ,	relevant	une conversation qui tombait souvent , dit :	relever	concom	De vez en cuando , sir Francis Cromarty y Phileas Fogg cruzaban algunas palabras , y en este momento el brigadier general , procurando animar una conversación que con frecuencia languidecía , dijo :	part	VF.coord	ing.part	ger	ger	Cvb.ps.impf	Cvb.ps.impf	-0.09601697147065032	0.04699190205825345
397	it	Et Rémigio avait toujours porté ces lettres sur lui , sans oser les remettre à leurs destinataires , et à son arrivée à l’ abbaye , craignant de les garder encore par-devers lui , mais ne	voulant	pas les détruire , il les avait remises au bibliothécaire , oui à Malachie précisément , pour qu’ il les cachât quelque part dans un recoin de l’ Édifice .	vouloir	cause	Remigio había conservado esas cartas consigo , sin atreverse a entregarlas , y cuando llegó a la abadía , temeroso de guardarlas en su poder , pero no queriendo tampoco destruirlas , las había puesto en manos del bibliotecario , sí , de Malaquías , para que éste las ocultara en algún sitio recóndito del Edificio .	part	VF.main	ing.part	ger	ger	Cvb.ps.impf	Cvb.ps.impf	-0.12622716194352582	0.28759985165007806
400	cs	Je suis en train d' écrire sur Agnès , je l' imagine , je la laisse se reposer sur un banc du sauna , déambuler dans Paris , feuilleter des magazines , discuter avec son mari , mais ce par quoi tout a commencé , ce geste de la dame	saluant	le maître nageur au bord de la piscine , c' est comme si je l' avais oublié .	saluer	attributive	Escribo sobre Agnes , me la imagino , la hago sentarse en el banco de la sauna , caminar por París , hojear una revista , hablar con el marido , pero de aquello que dio comienzo a todo , del gesto de la señora que se despedía del instructor en la piscina , es como si me hubiera olvidado .	part	part	ing.part	VF.sub.rel	VF.sub.rel	part	part	0.34481056365957036	0.4044885934280409
401	fr	"" Rien "" , répondit Passepartout en	vidant	encore une fois son verre .	vider	concom	-Nada -respondió Picaporte , vaciando otra vez su vaso .	ger	VF.coord	ing.part	ger	ger	Cvb.ps.impf	Cvb.ps.impf	-0.3226778357915016	-0.1025991065230748
402	fr	C' était la faute à Passepartout qui , abandonnant son poste , franchissant la rampe sans le secours de ses ailes , et	grimpant	à la galerie de droite , tombait aux pieds d' un spectateur en s' écriant :	grimper	cause	Tuvo de esto la culpa Picaporte , quien , abandonando su puesto , saltando del escenario sin el auxilio de las alas , y trepando por la galería de la derecha , caía a los pies de un espectador , exclamando :	part	VF.coord	ing.part	ger	part.past	Cvb.pt.pf	Cvb.pt.pf	0.17729694952845473	0.11468461861600766
404	cs	En	sortant	du restaurant , elle se sentait nerveuse .	sortir	sim	Salió del restaurante muy nerviosa .	ger	VF.main	VF.main	VF.main	VF.main	VF.main	prep	-0.09302716303126923	-0.027954310938854785
406	cs	Celui qui soutenait le coude tendait aux passants le chapeau du musicien , en	criant	:	crier	concom	El que sostenía su brazo estiraba hacia los caminantes el sombrero del músico y gritaba :	ger	VF.coord	ing.ger	VF.coord	VF.coord	Cvb.ps.impf	VF.main	-0.06629512188604032	-0.4065009500130765
410	fr	Il leur sembla même que ,	secouant	l' engourdissement de l' ivresse par un suprême instinct de conservation , la malheureuse tentait d' échapper à ses bourreaux .	secouer	manner	Hasta les pareció que , sacudiendo el entorpecimiento de la embriaguez por un supremo instinto de conservación , la desgraciada intentaba escaparse de entre sus verdugos .	part	Cvb.ps.impf	ing.part	ger	ger	VF.coord	VF.main	0.0700534469993438	0.08841972001899026
411	fr	Ce Fix devait surveiller avec le plus grand soin tous les voyageurs	prenant	la route de Suez , et si l' un d' eux lui semblait suspect , le filer "" en attendant un mandat d' arrestation .	prendre	attributive	Debía este Fix vigilar con el mayor cuidado a todos los viajeros que tomasen el camino de Suez , y , si uno de ellos parecía sospechoso , seguirlo , aguardando un mandato de prisión .	part	VF.sub.rel	VF.sub.rel	VF.sub.rel	VF.sub.rel	part	part	0.39185338593334146	0.4084307459839032
412	fr	"" J' ai été chanteur ambulant , écuyer dans un cirque ,	faisant	de la voltige comme Léotard , et dansant sur la corde comme Blondin ;	faire	attributive	He sido cantor ambulante , he sido artista de circo donde daba el salto como Leotard y bailaba en la cuerda como Blondín ; luego , al fin de hacer más útiles mis servicios , he llegado a profesor de gimnasia , y por último , era sargento de bomberos en París , y aún tengo en mi hoja de servicios algunos incendios notables .	part	VF.coord	VF.sub.rel	VF.sub.rel	NP	VF.coord	VF.coord	0.445062733905832	0.03346501054181242
413	cs	La méthode de Laura est exactement inverse : pour rendre son moi plus visible , plus facile à saisir , pour lui donner plus d' épaisseur , elle lui ajoute sans cesse de nouveaux attributs , auxquels elle tâche de s' identifier ( en	courant	le risque de perdre l' essence du moi , sous ces attributs additionnés ) .	courir	concess	El método de Laura es precisamente el contrario : para que su yo sea más visible , más aprehensible , más voluminoso , le añade cada vez más y más atributos y procura identificarse con ellos ( con el riesgo de que bajo los atributos sumados se pierda la esencia del yo ) .	ger	prep	prep	prep	ger	Cvb.ps.impf	prep	-0.31132138579310215	0.05387319014457224
414	fr	C' était comme si on eût commandé à ce brave garçon d' aller déchaîner un tigre , et il descendit dans la dunette , se	disant	:	dire	concom	Era esto como mandarle soltar un tigre , y bajó por la escotilla diciendo :	part	VF.coord	ing.part	ger	VF.main	VF.main	VF.main	0.17432508488113144	-0.048569451945989044
415	fr	Le rail-road contournait le flanc des montagnes , ne cherchant pas dans la ligne droite le plus court chemin d' un point à un autre , et ne	violentant	pas la nature .	violenter	manner	El ferrocarril seguía los contornos de las montañas no buscando en la línea recta el camino más corto de uno a otro punto , y no violentando a la naturaleza .	part	VF.coord	InfP	ger	InfP	Cvb.ps.impf	Cvb.ps.impf	-0.04132120107756796	0.08168730416632569
416	ru	Puis ,	manœuvrant	rapidement , elle contraignit la foule à se répartir sur tout le pourtour de la colline , de sorte que celle-ci se trouva enfermée entre deux cordons de soldats – cavaliers en bas et fantassins en haut – , et pouvait désormais assister au supplice à travers la chaîne assez lâche des fantassins .	manœuvrer	manner	El ala de caballería dejó pasar a todos , pero la segunda centuria sólo a los que tenían relación directa con la ejecución , y luego , con rápidas maniobras , dispersó alrededor del monte a toda la muchedumbre de tal manera , que ésta se encontró entre el cerco de infantería , arriba , y el de la caballería abajo . Ahora podía ver la ejecución a través de la cadena suelta de los soldados de infantería .	part	PP	PP	PP	PP	PP	Cvb.ps.impf	0.05242457288667203	0.2145936117727781
417	fr	Tout en	faisant	ses emplettes , Passepartout eut bientôt vu la ville , autrefois défendue par un fort magnifique qui est devenu une prison d' État .	faire	concom	Mientras hacía sus compras , Picaporte vio la ciudad , antes defendida por un fuerte magnífico , que se ha convertido en prisión de Estado .	ger	VF.sub.adv	VF.sub.adv	VF.sub.adv	ger	Cvb.ps.impf	Cvb.ps.impf	-0.4123852299278562	0.025363767978868974
418	fr	En effet , en	arrivant	et en admettant que le sieur Fogg n' en jetât pas encore quelques poignées à la mer , plus de sept mille livres ( 175 000 F ) manqueraient au sac à bank-notes !	arriver	sim	En efecto , al llegar , y admitiendo que míster Fogg echase todavía algunos puñados de billetes al mar , faltarían más de siete mil libras en el saco .	ger	PP	VF.sub.adv	InfP	PP	Cvb.ps.impf	prep	-0.2692608543966139	0.054491809784327314
419	fr	Le mécanicien siffla , le train se mit en marche , et disparut bientôt ,	mêlant	sa fumée blanche au tourbillon des neiges .	mêler	concom	El maquinista silbó , el tren se puso en marcha , y desapareció luego , mezclando su blanco humo con el torbellino de las nieves .	part	Cvb.pt.pf	ing.part	ger	ger	VF.coord	Cvb.ps.impf	-3.4486063991030443e-4	0.06559655278424989
422	fr	Il avait confié ses inquiétudes à Fix , qui - le fin renard - essayait de le consoler , en lui	disant	que Mr . Fogg en serait quitte pour prendre le prochain paquebot .	dire	manner	Había confiado sus inquietudes a Fix , quien trataba , el zorro , de consolarlo , diciéndole que míster Fogg lo arreglaría tomando el vapor próximo , lo cual daba inmensa rabia a Picaporte .	ger	VF.coord	ing.ger	ger	ger	Cvb.ps.impf	Cvb.ps.impf	-0.3777937761821046	-0.08107030165628207
423	cs	Elle montait , s'	arrêtant	de temps à autre pour regarder en arrière .	s'arrêter	concom	Subía , a ratos se detenía y observaba : veía abajo muchos puentes y torres ;	part	VF.coord	VF.coord	VF.coord	VF.coord	VF.coord	Cvb.ps.impf	0.3000201944922959	-0.34188452298739674
424	cs	Mais comment était -il possible que le souvenir de sa femme , soupirant et criant quatorze ans plus tôt en	pensant	à l' ami couché derrière la cloison , comment était -il possible que ce souvenir , après tant d' années , lui fît monter le sang à la tête ?	penser	sim	¿ Pero cómo es posible que el recuerdo de su propia mujer , que catorce años antes suspiraba en voz alta y gritaba pensando en el amigo acostado al otro lado del tabique , cómo es posible que ese recuerdo le hiciera a esas alturas subir la sangre a la cabeza ?	ger	Cvb.ps.impf	VF.sub.adv	ger	ger	PP	Cvb.ps.impf	-0.36530877202844914	0.07654670083790045
427	fr	"" Yankee ! "" dit Mr . Fogg , en	lançant	à son adversaire un regard de profond mépris .	lancer	concom	-¡ Yankee ! -dijo míster Fogg , echando sobre su adversario una mirada de profundo desprecio .	ger	Cvb.pt.pf	ing.part	ger	ger	VF.main	Cvb.ps.impf	-0.3277857544797219	-0.008448399249883052
428	fr	La plupart des voyageurs connaissaient cette interruption de la voie , et , en descendant du train , ils s' étaient emparés des véhicules de toutes sortes que possédait la bourgade , palkigharis à quatre roues , charrettes traînées par des zébus , sortes de boeufs à bosses , chars de voyage	ressemblant	à des pagodes ambulantes , palanquins , poneys , etc.	ressembler	attributive	La mayor parte de los viajeros conocían esa interrupción de la vía , y al apearse del tren se habían apoderado de los vehículos de todo género que había en el villorrio , paikigharis de cuatro ruedas , carretas arrastradas por unos zebús , especie de bueyes de giba , carros de viaje semejantes a pagodas ambulantes , palanquines , caballos , etc .	part	VF.sub.rel	VF.sub.rel	adj	VF.sub.rel	part	adj	0.3658599808334614	0.3784565079395914
429	cs	alors qu' il n' était plus qu' à vingt mètres , il cessa de courir pour terminer en titubant , une main	comprimant	son côté gauche .	comprimer	attributive	cuando estaba a veinte metros de la meta , dejó de correr e hizo el restocojeando , con la mano en el costado izquierdo .	part	VF.coord	ing.part	prep	part.past	VF.coord	Cvb.ps.impf	0.2839324180168059	0.03495092054108672
430	fr	Le mercredi 9 octobre , on attendait pour onze heures du matin , à Suez , le paquebot Mongolia , de la Compagnie péninsulaire et orientale , steamer en fer à hélice et à spardeck ,	jaugeant	deux mille huit cents tonnes et possédant une force nominale de cinq cents chevaux .	jauger	attributive	El miércoles 9 de octubre se aguardaba , para las once de la mañana , en Suez , el paquebote "" Mongolia "" de la Compañía Peninsular y Oriental , vapor de hierro , de hélice y entrepuente , que desplazaba dos mil ochocientas toneladas y poseía una fuerza nominal de quinientos caballos .	part	PP	prep	VF.sub.rel	VF.sub.rel	PP	adj	0.30912170996270155	0.3743101089576428
432	de	« Vous auriez dû vous présenter il y a une heure et cinq minutes , » répéta alors l’ homme en élevant la voix et en	jetant	les yeux sur le public .	jeter	concom	–Tendría que haber comparecido hace una hora y cinco minutos –repitió el hombre en voz más alta y paseó rápidamente su mirada por la sala .	ger	VF.coord	VF.coord	VF.coord	VF.coord	VF.coord	Cvb.pt.pf	0.10446935766593915	-0.5197742259465461
434	cs	En	voyant	de belles femmes dans la rue , il s' étonna de ne leur prêter aucune attention .	voir	cause	Veía pasar por las calles a mujeres hermosas y se asombraba al comprobar que no les prestaba atención .	ger	VF.coord	VF.coord	VF.coord	VF.coord	Cvb.ps.impf	VF.main	0.03505583372197379	-0.38308254624118193
435	cs	Elle répétait , en	sanglotant	, que je ne l' aimais pas .	sangloter	concom	Pero ella seguía llorando y afirmando que yo no la quería .	ger	VF.coord	ing.ger	ger	VF.coord	VF.coord	VF.main	-0.009102026978745122	-0.38546844474572006
436	cs	Entre les cinq ou six tables de la petite salle noyée dans la fumée et la cohue , un serveur courait ,	portant	à bras tendu un gigantesque plateau chargé d' une pyramide d' assiettes où je reconnus au vol des escalopes viennoises garnies de salade de pommes de terre ( apparemment l' unique plat dominical ) puis , se frayant sans ménagement un passage , il fila dans un couloir . Je le suivis et découvris que ce couloir se terminait par une porte ouverte sur le jardin où l'on mangeait aussi .	porter	concom	Un local pequeño con cinco o seis mesas , lleno de humo denso y repleto de gente , por el medio del cual iba lanzado el camarero , llevando con el brazo estirado una bandeja grande con una montaña de platos en los cuales pude distinguir filetes empanados con ensaladilla ( probablemente la única comida del domingo ) , abriéndose camino sin contemplaciones entre la gente y las mesas , hasta salir del local y llegar al pasillo . Fui tras él y comprobé que al final del pasillo había una puerta abierta que daba al jardín , en el cual también se comía .	part	Cvb.ps.impf	ing.part	ger	ger	Cvb.ps.impf	Cvb.ps.impf	-0.16442728242879492	0.18324991848391
437	fr	"" Monsieur Fix "" , dit-il en	balbutiant	, "" quand bien même tout ce que vous m' avez dit serait vrai … quand mon maître serait le voleur que vous cherchez … ce que je nie … j' ai été … je suis à son service … je l' ai vu bon et généreux . ""	balbutier	concom	Señor Fix -dijo tartamudeado- , aun cuando fuese verdad todo lo que me habéis dicho … aun cuando mi amo fuese el ladrón que buscáis … lo cual niego … he estado … estoy a su servicio … lo conozco como bueno y generoso … Venderlo … jamás … no , por todo el oro del mundo …	ger	adv	VF.main	ger	VF.main	VF.main	Cvb.ps.impf	-0.25124670274891125	-0.07953570830964606
438	cs	Comme en	passant	, il m' avait appelé ami et j' étais sûr que la réconciliation humiliante n' était plus qu' à deux pas ;	passer	gram	Jovialmente y como de pasada me llamó amigo y yo sentí que la ignominiosa reconciliación estaba ya a un paso ;	ger	adv	ing.ger	adv	adv	adv	adv	-0.13469676894518212	-0.02749658562660744
439	cs	Tout en se	reprochant	d' avoir cédé , Grizzly savait qu' aucun autre choix n' était possible .	se reprocher	concess	Al Oso le daba vergüenza haber cedido , pero al mismo tiempo sabía que no había tenido otra alternativa .	ger	VF.coord	VF.main	VF.coord	VF.main	Cvb.ps.impf	adv	-0.09448151824763167	-0.2631217641935137
440	de	Mais K. ,	redoutant	que celui-ci ne vînt à disparaître , aurait voulu rendre l’ autre dix fois plus prompt .	redouter	cause	K ya no pudo reflexionar más , simplemente auspició el resultado , que sería satisfactorio para él . Pues el fabricante se levantó de un salto y se apresuró a saludar al subdirector , K , sin embargo , hubiese querido que se hubiera levantado diez veces más mido , ya que temía que el subdirector pudiera desaparecer .	part	VF.coord	VF.sub.adv	VF.sub.adv	VF.sub.adv	VF.sub.rel	VF.sub.adv	0.25891884691247974	0.12781192282805692
441	fr	Phileas Fogg , la jeune femme , Fix et Passepartout , confortablement assis , regardaient le paysage varié qui passait sous leurs yeux , - vastes prairies , montagnes se	profilant	à l' horizon , creeks roulant leurs eaux écumeuses .	se profiler	attributive	Phileas Fogg , la joven Aouda y sus compañeros , confortablemente instalados , miraban el paisaje variado que se presentaba a la vista ; vastas praderas , montañas que se perfilaban en el horizonte , torrentes que rodaban sus aguas espumosas .	part	part	ing.part	VF.sub.rel	VF.sub.rel	part	VF.sub.rel	0.33767416721534976	0.39914736631106057
442	cs	Je n' avais pas , alors , beaucoup de chagrins intimes , au contraire , j' avais un considérable sens de la plaisanterie et pourtant on ne peut pas dire que j' ai pleinement réussi au regard joyeux de l' époque : mes blagues manquaient par trop de sérieux , tandis que la joie contemporaine ne souffrait pas les facéties ou l' ironie ,	étant	, je le répète , une joie grave qui s' intitulait fièrement « l' optimisme historique de la classe victorieuse » , une joie ascétique et solennelle , en un mot la Joie .	être	attributive	Yo no tenía entonces muchas tristezas interiores , por al contrario , tenía un considerable sentido del humor , y sin embargo no se puede decir que ante el rostro alegre de la época tuviera un éxito indiscutible , porque mis chistes eran excesivamente poco serios , en tanto que la alegría de aquella época no era amante de la picardía y la ironía , era una alegría , como ya he dicho , seria , que se daba a sí misma el orgulloso título de «optimismo histórico de la clase triunfante» , una alegría ascética y solemne , sencillamente la Alegría .	part	VF.coord	ing.part	VF.coord	VF.coord	VF.coord	VF.coord	0.44792848663484364	-0.15791072178449247
443	fr	"" Je ne sais , mon officier "" , répondit le Parsi , en	prêtant	l' oreille à un murmure confus qui passais sous l' épaisse ramure .	prêter	concom	-No lo sé -respondió el parsi prestando oído a un murmullo que pasaba por la espesa enramada .	ger	Cvb.ps.impf	ing.part	ger	ger	VF.coord	Cvb.ps.impf	-0.2592009671810138	-0.09186481977213712
444	fr	"" Moi , monsieur Fogg ! … "" répondit Mrs . Aouda , en	comprimant	les battements de son coeur .	comprimer	concom	-¡ Yo , míster Fogg ! -respondió Aouda , comprimiendo los latidos de su corazón .	ger	Cvb.ps.impf	ing.part	ger	ger	Cvb.ps.impf	VF.sub.rel	-0.3574516964905751	0.028477416141302152
446	de	« Je peux déjà marcher » , dit-il en se	levant	gauchement , ankylosé qu’ il était par sa longue station assise .	se lever	concom	–Ya puedo irme –dijo por esta razón , y se levantó temblando , acostumbrado a la cómoda silla .	ger	VF.coord	VF.coord	VF.coord	VF.coord	VF.coord	VF.main	0.14100625582536783	-0.5317133250202944
447	fr	En d' autres termes , pendant que Phileas Fogg ,	marchant	vers l' est , voyait le soleil passer quatre-vingts fois au méridien , ses collègues restés à Londres ne le voyaient passer que soixante-dix-neuf fois .	marcher	sim	En otros términos : mientras que Phileas Fogg , marchando hacia Oriente , vio el sol pasar ochenta veces por el meridiano , sus colegas de Londres no lo habían visto más que setenta y nueve .	part	PP	ing.part	ger	ger	Cvb.ps.impf	Cvb.ps.impf	-0.16699686930958665	0.27092605877799114
448	cs	Beaucoup de ses photos parurent à l' étranger dans les journaux les plus divers : on y voyait des tanks , des poings menaçants , des immeubles détruits , des morts recouverts d' un drapeau tricolore ensanglanté , des jeunes gens à moto qui tournaient à toute vitesse autour des chars en agitant des drapeaux tchèques au bout de longues perches , et de très jeunes filles vêtues de minijupes incroyablement courtes , qui provoquaient les malheureux soldats russes sexuellement affamés en	embrassant	sous leurs yeux des passants inconnus .	embrasser	manner	Muchas de aquellas fotos aparecieron en los más diversos periódicos extranjeros : había tanques , puños amenazantes , casas semidestruidas , muertos cubiertos con la ensangrentada bandera roja , blanca y azul , jóvenes que iban en moto a una enloquecida velocidad alrededor de los tanques y agitaban banderas nacionales con largos mástiles , jovencitas con faldas increíblemente cortas que provocaban a los pobres soldados rusos , sexualmente hambrientos , besándose ante sus ojos con viandantes desconocidos .	ger	VF.coord	ing.ger	ger	VF.coord	VF.coord	VF.sub.adv	-0.0445062410818567	-0.3063143480444231
449	fr	L' agent passa là quelques heures difficiles , tantôt	croyant	tout perdu , tantôt espérant que Fogg ignorait la situation , enfin ne sachant quel parti prendre .	croire	concom	El agente pasó algunas horas angustiosas , creyéndolo algunas veces todo perdido , esperando otras que Fogg ignoraba la situación , y por último , no sabiendo qué partido tomar .	part	part	ing.part	ger	ger	VF.coord	VF.main	0.11272164565093525	0.03261427181357578
450	cs	NA	Comprenant	que son attitude était en relation avec l' affaire déclenchée par ma carte postale , je me refusais , par amour-propre et par dépit , à lui poser la moindre question .	comprendre	cause	Comprendí que aquello estaba relacionado con el asunto de mi postal y , con orgullosa autocompasión , no quise preguntarle nada .	part	VF.coord	VF.coord	VF.coord	VF.coord	VF.coord	VF.coord	0.4501628152426438	-0.2806329298409035
451	fr	mais les ingénieurs , ainsi qu' il a été dit , n' ont pas violenté la nature , ils ont rusé avec elle ,	tournant	les difficultés , et pour atteindre le grand bassin , un seul tunnel , long de quatorze mille pieds , a été percé dans tout le parcours du rail-road .	tourner	manner	pero los ingenieros , como hemos dicho , no han violentado a la naturaleza , sino que han usado con ella la astucia , sesgando las dificultades , no habiendo tenido necesidad de perforar más que un túnel de catorce mil pies para llegar a la gran cuenca .	part	Cvb.ps.impf	ing.ger	ger	ger	Cvb.ps.impf	Cvb.ps.impf	-0.21064607406124738	0.2434794024959573
452	cs	L' unanimité se fit d' ailleurs sur cette dernière idée , que le chœur des enfants reprit à l' unisson en s'	avançant	, bras tendu et bouquet au bout .	s'avancer	concom	Todos los niños coincidían después en esta idea , la repetían una vez más al unísono y avanzaban extendiendo la mano en la que tenían el ramito de flores .	ger	VF.coord	VF.coord	VF.coord	VF.coord	VF.coord	Cvb.pt.pf	0.1044693576659392	-0.519774225946546
453	fr	Son front ne s' assombrit pas un instant , et , cependant , un retard de vingt heures pouvait compromettre son voyage en lui	faisant	manquer le départ du paquebot de Yokohama .	faire manquer	cause	Su frente no se nubló ni un instante , y sin embargo , una tardanza de veinte horas podía comprometer su viaje , haciéndole perder la salida del vapor de Yokohama .	ger	VF.coord	ing.ger	ger	ger	VF.main	VF.main	-0.17135372946137253	-0.1306429001034482
455	cs	Le président américain Jimmy Carter m' a toujours été sympathique , mais c' est presque de l' amour que j' ai éprouvé pour lui en le	voyant	, sur l' écran de télévision , courir en survêtement avec un groupe de collaborateurs , d' entraîneurs et de gorilles ; soudain la sueur perla à son front , son visage se crispa , ses collaborateurs se penchèrent sur lui , le saisirent à bras-le-corps : une petite crise cardiaque .	voir	cause	El presidente norteamericano Jimmy Carter siempre me cayó simpático , pero fue casi amor lo que sentí por él cuando lo vi en la televisión en chándal corriendo con un grupo de colaboradores suyos , entrenadores y gorilas ; de pronto se le empezó a cubrir la frente de sudor , su cara se contrajo en un espasmo , los demás corredores se inclinaron hacia él , lo cogieron y lo sostuvieron : era un pequeño ataque al corazón .	ger	VF.sub.adv	VF.sub.adv	VF.sub.adv	VF.sub.adv	Cvb.ps.impf	Cvb.pt.pf	-0.2358094158690457	0.12235409804463748
457	de	Joseph ! s’ écria l’ oncle en	cherchant	à se dégager pour pouvoir s’ arrêter – mais K. ne le lâcha pas – Joseph , on t’ a changé , je t’ avais toujours connu un jugement sûr et voilà que la tête t’ abandonne ;	chercher	concom	Josef–exclamó el tío , e intentó desasirse para detenerse , pero K no le dejó– , estás cambiado , siempre has tenido una gran inteligencia , ¿ y precisamente ahora no la empleas ?	ger	VF.coord	ing.part	VF.coord	ger	VF.coord	Cvb.ps.impf	-0.10987385865177943	-0.3194444982201646
458	fr	"" Attendu "" , reprit le juge , "" attendu que la loi anglaise entend protéger également et rigoureusement toutes les religions des populations de l' Inde , le délit	étant	avoué par le sieur Passepartout , convaincu d' avoir violé d' un pied sacrilège le pavé de la pagode de Malebar-Hill , à Bombay , dans la journée du 20 octobre , condamne ledit Passepartout à quinze jours de prison et à une amende de trois cents livres ( 7 500 F ) . ""	avouer	cause	-Visto -repuso el juez -que la ley inglesa entiende proteger igual y rigurosamente todas las religiones de las poblaciones indias ; estando el delito confesado por el señor Picaporte ; convencido de haber profanado con sacrílego pie el pavimento de la pagoda de Malebar-Hill , en Bombay , el día 20 de octubre , condena al susodicho Picaporte a quince días de prisión y una multa de trescientas libras .	part	VF.sub.adv	VF.sub.adv	ger	VF.sub.adv	VF.coord	PP	0.1737108426711512	0.21422652045667034
459	cs	Essayons de répondre en nous	rappelant	cette jeune femme du sauna qui , avec combativité , affirmait sa prédilection pour les douches froides .	rappeler	manner	Intentemos responder recordando a la joven de la sauna que afirmaba belicosa que amaba la ducha fría .	ger	PP	ing.ger	ger	ger	Cvb.ps.impf	Cvb.pt.pf	-0.41228058934245776	0.06092339348053043
461	fr	Puis , se	tournant	vers ses collègues :	se tourner	concom	-Aceptado -dijo Fogg : y luego , volviéndose hacia sus compañeros , añadió- :	part	Cvb.ps.impf	ing.part	ger	part.past	Cvb.ps.impf	Cvb.pt.pf	-0.026820508773146432	0.16982069169172576
462	fr	On sentait , pour ainsi dire , que le train tout entier ,	marchant	avec une rapidité de cent milles à l' heure , ne pesait plus sur les rails .	marcher	attributive	Se sentía , por decirlo así , que el tren entero , marchando con una rapidez de cien millas por hora , no gravitaba ya sobre los rieles .	part	part	ing.part	ger	ger	part	VF.main	0.14222534108542792	0.2974662850093992
463	cs	Se	hâtant	de déglutir ( car il n' est pas bon d' être photographié quand on a le visage déformé par la mastication , vu la méchanceté des photographes qui raffolent de ce genre de portraits ) , il lance d' une voix forte pour être entendu de tous :	se hâter	cause	Traga rápidamente un bocado ( ¡ no es bueno ser fotografiado mientras el rostro se deforma por la masticación , porque los periódicos tienen la maldad de publicar precisamente ese tipo de fotos ! ) y dice en voz alta , para que todos lo oigan :	part	adv	adv	VF.coord	VF.main	adv	VF.coord	0.3174436315206334	0.061501841612359595
465	fr	Et Mr. Fogg ,	offrant	son bras à Mrs . Aouda , se dirigea vers les docks à la recherche d' un navire en partance .	offrir	sim	Y míster Fógg , ofreciendo su brazo a Aouda , se dirigió a los docks , en busca de un buque dispuesto a marchar .	part	Cvb.pt.pf	ing.part	ger	part.past	VF.coord	Cvb.pt.pf	0.18219735637921344	0.12911854284712587
466	cs	En s'	approchant	du lit , Paul vit le corps recouvert d' un drap jusqu' au-dessus de la tête .	s'approcher	sim	Cuando se acercó con Brigitte a la cama vio el cuerpo con la cabeza cubierta por la sábana .	ger	VF.sub.adv	VF.sub.adv	VF.sub.adv	VF.sub.adv	Cvb.pt.pf	VF.coord	-0.11618150112909774	0.06673794223366698
467	fr	Là , il avait enfin trouvé le mandat , qui ,	courant	après lui depuis Bombay , avait déjà quarante jours de date , - mandat qui lui avait été expédié de Hong-Kong par ce même Carnatic à bord duquel on le croyait .	courir	attributive	Allí encontró el mandamiento que , corriendo detrás de él desde Bombay , tenía ya cuarenta días de fecha , mandamiento que le había sido enviado de Hong-Kong por el mismo "" Carnatic "" , a cuyo bordo se le creía .	part	VF.sub.rel	VF.coord	ger	VF.sub.rel	part	VF.main	0.3584795658205432	0.22589198138031807
468	de	« Emballez - les toutes , dit-il en le	coupant	au beau milieu de son discours , mon domestique viendra les chercher demain .	couper	concom	–Empaquete los cuadros –exclamó , interrumpiendo al pintor– , mañana vendrá mi ordenanza y los recogerá .	ger	VF.main	ing.part	ger	ger	Cvb.ps.impf	Cvb.ps.impf	-0.3887161684247077	0.019447432243495575
469	cs	L' événement qui avait attiré tout ce monde devait donc , apparemment , se dérouler au premier , probablement dans le salon dont la porte grande ouverte sur le corridor était obstruée par une foule considérable . Je m' y rendis ; les dimensions de la salle étaient modestes , il y avait environ sept rangées de chaises déjà occupées par des personnes	ayant	l' air d' attendre un spectacle .	avoir l'air	attributive	El acontecimiento a causa del cual se había reunido toda esta gente debía tener lugar evidentemente en este piso y con toda probabilidad en la habitación cuyas puertas , abiertas de par en par y llenas de una verdadera multitud de gente , daban al pasillo . Fui hacia allí y me encontré en una pequeña sala en la que había unas seis hileras de sillas en las que ya estaba sentada la gente , como si aguardasen alguna actuación .	part	conj	VF.sub.rel	VF.sub.adv	VF.sub.rel	conj	part	0.3447474105989378	0.3660958144727982
471	cs	- En m'	invitant	à votre émission , vous m' avez assuré qu' il s' agirait du film .	inviter	sim	-Cuando usted me invitó , me dijo expresamente que quería hablar conmigo de la película .	ger	VF.sub.adv	VF.sub.adv	VF.sub.adv	VF.sub.adv	Cvb.ps.impf	Cvb.ps.impf	-0.3170827493130669	0.10481101991823015
472	de	Presque	pleurant	, il se rendit dans la pièce où les domestiques travaillaient tranquillement à la polycopie ;	pleurer	sim	Al borde de las lágrimas se fue a ver a los empleados , que trabajaban tranquilamente con una multicopista y permanecían absortos en su actividad .	part	adv	PP	PP	ger	PP	Cvb.ps.impf	-0.01796388765960928	0.219388527532168
473	cs	Tel est l' étrange paradoxe dont sont victimes tous ceux qui recourent à la méthode additive pour cultiver leur moi : ils s' efforcent d' additionner pour créer un moi inimitablement unique , mais	devenant	en même temps les propagandistes de ces attributs additionnés , ils font tout pour qu' un maximum de gens leur ressemblent ; et alors l' unicité de leur moi ( si laborieusement conquise ) s' évanouit aussitôt .	devenir	cause	Esta es la curiosa paradoja que afecta a todos los que cultivan el yo por el método de la suma : procuran sumar para constituir un yo único e inimitable , pero , como se convierten inmediatamente en propagadores de los atributos añadidos , hacen todo lo posible para que se les parezca la mayor cantidad posible de gente ; así sucede que su unicidad ( tan trabajosamente lograda ) comienza rápidamente a desaparecer .	part	Cvb.ps.impf	VF.sub.adv	VF.sub.adv	VF.sub.adv	Cvb.ps.impf	VF.coord	0.08398114631114828	0.27876028255019347
474	fr	Il dut croire que son voleur , s'	arrêtant	à une des stations du Peninsular-railway , s' était réfugié dans les provinces septentrionales .	s'arrêter	manner	Debió creer que el ladrón , deteniéndose en una de las estaciones , se había refugiado en una de las provincias septentrionales .	part	VF.coord	VF.coord	ger	part.past	VF.main	VF.coord	0.20810042553716154	-0.041808178848106926
475	cs	Mais préférant éviter ce sujet pour le moment , il répondit en	rassemblant	toute sa dignité :	rassembler	concom	Pero ahora no quería hablar de eso y dijo con toda dignidad :	ger	PP	prep	prep	ger	Cvb.ps.impf	VF.main	-0.290110766595324	-0.08590194295347803
476	fr	Enfin , le patron John Bunsby passa au large , et la Tankadère , prenant le vent sous sa brigantine , sa misaine et ses focs , s' élança en	bondissant	sur les flots .	bondir	manner	Por fin el patrón John Bunsby pasó mar afuera , y tomando el viento con cangreja , mesana y foques , se lanzó ondulando sobre las aguas .	ger	Cvb.ps.impf	VF.coord	ger	PP	Cvb.ps.impf	Cvb.ps.impf	-0.32450569252010886	-0.04320082407340033
479	fr	"" Et quand passera l' autre train	venant	de San Francisco ? ""	venir	attributive	- ¿ Y cuándo pasará el otro tren procedente de San Francisco ?	part	prep	PP	adj	adj	prep	prep	0.28208728261190236	0.28136283099852927
480	ru	Donc Pilate ,	serrant	machinalement dans sa main l’ agrafe inutile et les yeux mi-clos , monta sur l’ estrade .	serrer	anter	Pilatos subió al estrado , apretando en la mano el broche innecesario y entornando los ojos .	part	VF.coord	ing.part	ger	ger	Cvb.ps.impf	Cvb.ps.impf	-0.0808760525723864	0.12085674674912193
481	fr	Puis , prenant Passepartout par la ceinture et l'	enroulant	de sa trompe , il l' enleva jusqu' à la hauteur de sa tête .	enrouler	concom	El elefante exhaló algunos gruñidos de satisfacción , y luego tomó a Picaporte por la cintura y lo levantó hasta la altura de su cabeza .	part	VF.coord	ing.part	VF.coord	part.past	VF.coord	VF.main	0.3444675043889883	-0.23196263937409461
482	fr	Je n’ ai pas été très honnête en vous	parlant	des allumeurs de réverbères .	parler	sim	No he sido muy honesto al hablar de los faroleros y corro el riesgo de dar una falsa idea de nuestro planeta a los que no lo conocen .	ger	VF.sub.adv	VF.sub.rel	InfP	ger	VF.sub.adv	Cvb.ps.impf	-0.3224946941557288	0.08772236250445949
485	fr	"" En	attendant	, vous êtes libres sous caution . ""	attendre	sim	Entretanto , estáis libre .	ger	adv	adv	adv	adv	adv	adv	-0.11634628498426759	-0.0277034429202706
486	ru	Une aile de cavalerie déboucha au grand trot sur la place , pour la couper de biais en	évitant	l’ attroupement de peuple , afin de gagner , par la ruelle qui longeait une partie du mur d’ enceinte couverte de vigne vierge , le mont Chauve au plus court .	éviter	manner	El ala de caballería , con el trote cada vez más suelto , irrumpía en la plaza para atravesarla evitando el gentío y seguir por la calleja junto a un muro de piedra cubierto de parra por el camino más corto hacia el monte Calvario .	ger	VF.sub.adv	prep	ger	ger	Cvb.ps.impf	Cvb.ps.impf	-0.4482645444267419	0.10585234563928554
487	de	Tous semblaient porter ces insignes , tous faisaient partie du même clan , ceux de droite comme ceux de gauche , et , en se	retournant	brusquement , K. vit aussi les mêmes insignes au col du juge d’ instruction qui , les mains croisées sur le ventre , regardait tranquillement la salle .	se retourner	sim	Pequeños ojos negros se movían inquietos , las mejillas colgaban como las de los borrachos , las largas barbas eran ralas y estaban tiesas , si se las cogía era como si se cogiesen garras y no barbas . Bajo las barbas , sin embargo –y éste fue el verdadero hallazgo de K– , en los cuellos de las chaquetas , brillaban distintivos de distinto tamaño y color . Todos tenían esos distintivos . Todos pertenecían a la misma organización , tanto el supuesto partido de la izquierda como el de la derecha , y cuando se volvió súbitamente , descubrió los mismos distintivos en el cuello del juez instructor , que , con las manos sobre el vientre , lo contemplaba todo con tranquilidad .	ger	VF.sub.adv	VF.coord	VF.sub.adv	VF.sub.adv	VF.sub.adv	adv	-0.08553535595992334	-0.017791023204690087
489	de	Ils s’ étaient levés en voyant le domestique lui parler , chacun	cherchant	une occasion de se faufiler le premier .	chercher	concom	Ya esperaban desde hacía mucho tiempo . Ahora , aprovechando la ocasión , se levantaron para intentar hablar con K .	part	VF.coord	VF.coord	ger	VF.coord	VF.coord	Cvb.ps.impf	0.20350352685920997	-0.240246189200963
491	fr	"" Un domestique "" , s' écria le Barnum en	caressant	l' épaisse barbiche grise qui foisonnait sous son menton , "" j' en ai deux , obéissants , fidèles , qui ne m' ont jamais quitté , et qui me servent pour rien , à condition que je les nourrisse . "" .. ""	caresser	concom	-¡ Criado ! -exclamó el Barnum , acariciando su poblada perilla gris , que adornaba su barba- . Tengo dos , obedientes , fieles , que nunca me han dejado y que me sirven de balde , y sólo por la comida …	ger	Cvb.ps.impf	ing.part	ger	ger	Cvb.ps.impf	Cvb.ps.impf	-0.40179850486858926	0.023179270382311944
492	cs	elle ne regardait pas autour d' elle , ne s' agitait nullement , assise comme dans l' attente d' une opération chirurgicale ou de quelque chose par quoi nous sommes tellement captivés qu'	ignorant	notre entourage nous concentrons notre attention sur le dedans de nous ;	ignorer	manner	no miraba a su alrededor , no se distraía , estaba sentada como se está sentado cuando se espera una operación o algo que nos llama la atención en tal medida que no miramos alrededor y dirigimos la vista hacia nosotros mismos ;	part	VF.sub.rel	adv	VF.sub.adv	VF.sub.adv	VF.coord	Cvb.ps.impf	0.1811338138982358	0.1389938359760039
493	cs	« Ça faisait atrocement mal » dit -elle ,	serrant	les poings comme si ses mains avaient été réellement meurtries .	serrer	concom	"" Dolía tanto "" , decía , y mantenía los puños cerrados como si los dedos estuvieran heridos de verdad .	part	VF.coord	ing.part	VF.coord	ger	VF.coord	VF.coord	0.20847216222288262	-0.18485701135336285
494	cs	Ses six jours de geôle l' avaient à ce point diminué qu' il pouvait à peine parler , qu' il bégayait et cherchait son souffle ,	marquant	au milieu des phrases des pauses interminables qui duraient près d' une demi-minute .	marquer	result	Tras seis días de cárcel estaba tan destrozado que no podía hablar , se atragantaba , se quedaba sin aliento , de modo que entre frase y frase había pausas interminables que duraban casi medio minuto .	part	conj	ing.part	VF.sub.adv	VF.coord	VF.coord	Cvb.ps.impf	0.23979885240476667	0.030985434219495445
496	cs	plus le climat du jardin était désinvolte et grossier , plus il nous entourait de sa bruyante indifférence ,	faisant	de nous un îlot délaissé , plus le spleen nous étreignait , et plus nous plongions en nous-mêmes , jouant donc plutôt pour nous que pour les autres , oubliant les autres , la musique étant une enceinte protectrice dans laquelle , parmi les ivrognes tapageurs , nous étions comme dans une cabine de verre suspendue dans les profondeurs des eaux froides .	faire	poster	cuanto más indiferente y tosco era el ambiente en el jardín del restaurante , cuanto más nos rodeaba con su ruidoso desinterés haciendo de nosotros una isla abandonada , cuanto más angustiados estábamos , más nos orientábamos hacia nosotros mismos y tocábamos casi más para nosotros que para los demás , de modo que logramos olvidarnos de todos los que nos rodeaban y hacer de la música una especie de aro , dentro del cual estábamos en medio de los ruidosos borrachos como si estuviéramos en una esfera de cristal sumergida en la profundidad de las frías aguas .	part	Cvb.ps.impf	VF.coord	ger	VF.sub.rel	Cvb.ps.impf	Cvb.ps.impf	0.01791304246089381	0.2018823940778402
497	cs	Si l'on se rappelle que les intellectuels hongrois se sont donné le nom de « Cercle Petôfi » , quand en 1956 ils se sont dressés contre l' Empire russe en	déclenchant	le premier grand soulèvement anti-stalinien , on constate que , par ses amours , Bettina est présente sur le vaste champ de l' histoire européenne , depuis le XVIIIe siècle jusqu' à la moitié du nôtre .	déclencher	manner	Si recordamos que los intelectuales húngaros que en 1956 se rebelaron contra el Imperio ruso y provocaron la primera gran revolución antiestalinista se dieron a conocer como «Círculo Petöfi» , comprobamos que con sus amores Bettina está presente en toda una larga etapa de la historia europea , que va desde el siglo XVIII hasta la mitad de nuestro siglo .	ger	VF.coord	VF.coord	VF.coord	ger	Cvb.ps.impf	part	-0.14769526801710806	-0.25621318145367167
498	fr	- Je t’ admire , dit le petit prince , en	haussant	un peu les épaules , mais en quoi cela peut -il bien t’ intéresser ? »	hausser	concom	-¡ Bueno ! Te admiro -dijo el principito encogiéndose de hombros- , pero ¿ para qué te sirve ?	ger	VF.coord	ing.part	ger	ger	Cvb.ps.impf	Cvb.pt.pf	-0.289636786768372	-0.11220882504704315
499	fr	Le vent	venant	de terre , la mer était moins forte par là même : circonstance heureuse pour la goélette , car les embarcations d' un petit tonnage souffrent surtout de la houle qui rompt leur vitesse , qui les tue , pour employer l' expression maritime .	venir	attributive	Viniendo el viento de tierra , la mar era menos fuerte ; circunstancia feliz para la goleta , porque las embarcaciones de poca cabida sufren por el oleaje , que corta su velocidad y las mata , empleando la expresión de aquellos marinos .	part	VF.coord	VF.sub.adv	ger	VF.sub.adv	part	Cvb.ps.impf	0.16950813503366605	0.20170818313609154
500	fr	De San Francisco à la capitale de la Californie , la ligne courait directement au nord-est , en	longeant	American-river , qui se jette dans la baie de San Pablo .	longer	manner	De San Francisco a la capital de California la línea corría directamente al Nordeste , siguiendo el río "" American "" , que desagua en la bahía de San Pablo .	ger	prep	prep	ger	ger	prep	PP	-0.2873101665284863	0.05955994700992786
